-- phpMyAdmin SQL Dump
-- version 4.7.4
-- https://www.phpmyadmin.net/
--
-- Host: 127.0.0.1
-- Generation Time: Feb 25, 2018 at 05:58 AM
-- Server version: 10.1.30-MariaDB
-- PHP Version: 7.2.1

SET SQL_MODE = "NO_AUTO_VALUE_ON_ZERO";
SET AUTOCOMMIT = 0;
START TRANSACTION;
SET time_zone = "+00:00";


/*!40101 SET @OLD_CHARACTER_SET_CLIENT=@@CHARACTER_SET_CLIENT */;
/*!40101 SET @OLD_CHARACTER_SET_RESULTS=@@CHARACTER_SET_RESULTS */;
/*!40101 SET @OLD_COLLATION_CONNECTION=@@COLLATION_CONNECTION */;
/*!40101 SET NAMES utf8mb4 */;

--
-- Database: `acceleratedparking`
--

-- --------------------------------------------------------

--
-- Table structure for table `car`
--

CREATE TABLE `car` (
  `CarID` int(11) NOT NULL,
  `UserID` int(11) NOT NULL,
  `CarLicensePlate` varchar(50) NOT NULL,
  `CarType` varchar(255) NOT NULL
) ENGINE=InnoDB DEFAULT CHARSET=latin1;

--
-- Dumping data for table `car`
--

INSERT INTO `car` (`CarID`, `UserID`, `CarLicensePlate`, `CarType`) VALUES
(1, 3, 'MEZ7024', 'Ford Focus'),
(2, 3, 'HJZ8039', 'Ford Fiesta'),
(3, 1, 'XYZ 1234', 'VW Beetle'),
(4, 3, 'XYZ 1234', 'VW Beetle'),
(5, 1, 'MEZ 7024', 'Ford Focus'),
(6, 2, 'YHZ 8520', 'Toyota Yaris');

-- --------------------------------------------------------

--
-- Table structure for table `carpark`
--

CREATE TABLE `carpark` (
  `CarParkID` int(11) NOT NULL,
  `CarParkName` varchar(255) NOT NULL,
  `CarParkCode` varchar(25) NOT NULL,
  `Address` varchar(255) NOT NULL,
  `PostCode` varchar(10) NOT NULL,
  `City` varchar(25) NOT NULL,
  `Details` varchar(255) NOT NULL
) ENGINE=InnoDB DEFAULT CHARSET=latin1;

--
-- Dumping data for table `carpark`
--

INSERT INTO `carpark` (`CarParkID`, `CarParkName`, `CarParkCode`, `Address`, `PostCode`, `City`, `Details`) VALUES
(1, 'SSE Arena', 'sseArena', '2 Queens Quay', 'BT3 9QQ', 'Belfast', ''),
(2, 'Castle Court', 'castleCourt', 'Royal Ave', 'BT1 1DD', 'Belfast ', ''),
(3, 'City Side', 'citySide', '100-150 York St', 'BT15 1JH', 'Belfast', '');

-- --------------------------------------------------------

--
-- Table structure for table `parkingrates`
--

CREATE TABLE `parkingrates` (
  `ParkingRateID` int(11) NOT NULL,
  `CarParkID` int(11) NOT NULL,
  `RateAmount` double NOT NULL,
  `RateTypeID` int(11) NOT NULL
) ENGINE=InnoDB DEFAULT CHARSET=latin1;

--
-- Dumping data for table `parkingrates`
--

INSERT INTO `parkingrates` (`ParkingRateID`, `CarParkID`, `RateAmount`, `RateTypeID`) VALUES
(1, 1, 1.3, 1),
(2, 1, 6, 2);

-- --------------------------------------------------------

--
-- Table structure for table `ratetype`
--

CREATE TABLE `ratetype` (
  `RateTypeID` int(11) NOT NULL,
  `RateDescription` varchar(255) NOT NULL
) ENGINE=InnoDB DEFAULT CHARSET=latin1;

--
-- Dumping data for table `ratetype`
--

INSERT INTO `ratetype` (`RateTypeID`, `RateDescription`) VALUES
(1, 'Weekday Hourly'),
(2, 'Weekday Daily'),
(3, 'Weekend Hourly'),
(4, 'Weekend Daily');

-- --------------------------------------------------------

--
-- Table structure for table `reservation`
--

CREATE TABLE `reservation` (
  `ReservationID` int(11) NOT NULL,
  `CarID` int(11) NOT NULL,
  `CarParkID` int(11) NOT NULL,
  `SpaceID` int(11) NOT NULL,
  `Paid` tinyint(1) NOT NULL,
  `Active` tinyint(1) NOT NULL,
  `ReservationDate` datetime NOT NULL DEFAULT CURRENT_TIMESTAMP,
  `EnterDate` datetime NOT NULL,
  `EnterTime` varchar(25) NOT NULL,
  `ExitDate` datetime NOT NULL,
  `ExitTime` varchar(25) NOT NULL,
  `Duration` double NOT NULL,
  `ParkingRateID` int(11) NOT NULL
) ENGINE=InnoDB DEFAULT CHARSET=latin1;

--
-- Dumping data for table `reservation`
--

INSERT INTO `reservation` (`ReservationID`, `CarID`, `CarParkID`, `SpaceID`, `Paid`, `Active`, `ReservationDate`, `EnterDate`, `EnterTime`, `ExitDate`, `ExitTime`, `Duration`, `ParkingRateID`) VALUES
(2, 1, 1, 15, 1, 1, '2018-02-25 01:54:10', '2018-02-25 13:10:02', '2018-02-25 13:10:02.047', '2018-02-25 13:10:02', '2018-02-25 13:10:02.047', 2, 1),
(10, 1, 1, 15, 0, 0, '2018-02-25 04:10:23', '0000-00-00 00:00:00', '25/02/2018', '0000-00-00 00:00:00', '25/02/2018', 2, 1),
(11, 1, 1, 15, 0, 0, '2018-02-25 04:48:43', '0000-00-00 00:00:00', '25/02/2018', '0000-00-00 00:00:00', '25/02/2018', 2, 1),
(12, 1, 1, 15, 0, 0, '2018-02-25 04:49:59', '0000-00-00 00:00:00', '', '0000-00-00 00:00:00', '25/02/2018', 2, 1),
(13, 1, 1, 15, 0, 0, '2018-02-25 04:50:34', '0000-00-00 00:00:00', '', '0000-00-00 00:00:00', '', 2, 1),
(14, 1, 1, 15, 0, 0, '2018-02-25 04:51:40', '0000-00-00 00:00:00', '', '0000-00-00 00:00:00', '', 2, 1),
(15, 1, 1, 15, 0, 0, '2018-02-25 04:52:42', '0000-00-00 00:00:00', '', '0000-00-00 00:00:00', '', 2, 1);

-- --------------------------------------------------------

--
-- Table structure for table `space`
--

CREATE TABLE `space` (
  `SpaceID` int(11) NOT NULL,
  `CarParkID` int(11) NOT NULL,
  `FloorNumber` int(11) NOT NULL,
  `SpaceRow` int(11) NOT NULL,
  `SpaceColumn` int(11) NOT NULL,
  `SpaceTypeID` int(11) NOT NULL
) ENGINE=InnoDB DEFAULT CHARSET=latin1;

--
-- Dumping data for table `space`
--

INSERT INTO `space` (`SpaceID`, `CarParkID`, `FloorNumber`, `SpaceRow`, `SpaceColumn`, `SpaceTypeID`) VALUES
(1, 1, 1, 1, 1, 1),
(2, 1, 1, 1, 2, 1),
(3, 1, 1, 1, 3, 1),
(4, 1, 1, 1, 4, 1),
(5, 1, 1, 1, 5, 1),
(6, 1, 1, 1, 6, 1),
(7, 1, 1, 1, 7, 1),
(8, 1, 1, 1, 8, 1),
(9, 1, 1, 1, 9, 1),
(10, 1, 1, 1, 10, 1),
(11, 1, 1, 1, 11, 1),
(12, 1, 1, 1, 12, 1),
(13, 1, 1, 1, 13, 1),
(14, 1, 1, 1, 14, 1),
(15, 1, 1, 1, 15, 1),
(16, 1, 1, 2, 1, 1),
(17, 1, 1, 2, 2, 1),
(18, 1, 1, 2, 3, 1),
(19, 1, 1, 2, 4, 1),
(20, 1, 1, 2, 5, 1),
(21, 1, 1, 2, 6, 1),
(22, 1, 1, 2, 7, 1),
(23, 1, 1, 2, 8, 1),
(24, 1, 1, 2, 9, 1),
(25, 1, 1, 2, 10, 1),
(26, 1, 1, 2, 11, 1),
(27, 1, 1, 2, 12, 1),
(28, 1, 1, 2, 13, 1),
(29, 1, 1, 2, 14, 1),
(30, 1, 1, 2, 15, 1),
(31, 1, 1, 3, 1, 1),
(32, 1, 1, 3, 2, 1),
(33, 1, 1, 3, 3, 1),
(34, 1, 1, 3, 4, 1),
(35, 1, 1, 3, 5, 1),
(36, 1, 1, 3, 6, 1),
(37, 1, 1, 3, 7, 1),
(38, 1, 1, 3, 8, 1),
(39, 1, 1, 3, 9, 1),
(40, 1, 1, 3, 10, 1),
(41, 1, 1, 3, 11, 1),
(42, 1, 1, 3, 12, 1),
(43, 1, 1, 3, 13, 1),
(44, 1, 1, 3, 14, 1),
(45, 1, 1, 3, 15, 1),
(46, 1, 1, 4, 1, 1),
(47, 1, 1, 4, 2, 1),
(48, 1, 1, 4, 3, 1),
(49, 1, 1, 4, 4, 1),
(50, 1, 1, 4, 5, 1),
(51, 1, 1, 4, 6, 1),
(52, 1, 1, 4, 7, 1),
(53, 1, 1, 4, 8, 1),
(54, 1, 1, 4, 9, 1),
(55, 1, 1, 4, 10, 1),
(56, 1, 1, 4, 11, 1),
(57, 1, 1, 4, 12, 1),
(58, 1, 1, 4, 13, 1),
(59, 1, 1, 4, 14, 1),
(60, 1, 1, 4, 15, 1),
(61, 1, 1, 5, 1, 1),
(62, 1, 1, 5, 2, 1),
(63, 1, 1, 5, 3, 1),
(64, 1, 1, 5, 4, 1),
(65, 1, 1, 5, 5, 1),
(66, 1, 1, 5, 6, 1),
(67, 1, 1, 5, 7, 1),
(68, 1, 1, 5, 8, 1),
(69, 1, 1, 5, 9, 1),
(70, 1, 1, 5, 10, 1),
(71, 1, 1, 5, 11, 1),
(72, 1, 1, 5, 12, 1),
(73, 1, 1, 5, 13, 1),
(74, 1, 1, 5, 14, 1),
(75, 1, 1, 5, 15, 1),
(76, 1, 1, 6, 1, 1),
(77, 1, 1, 6, 2, 1),
(78, 1, 1, 6, 3, 1),
(79, 1, 1, 6, 4, 1),
(80, 1, 1, 6, 5, 1),
(81, 1, 1, 6, 6, 1),
(82, 1, 1, 6, 7, 1),
(83, 1, 1, 6, 8, 1),
(84, 1, 1, 6, 9, 1),
(85, 1, 1, 6, 10, 1),
(86, 1, 1, 6, 11, 1),
(87, 1, 1, 6, 12, 1),
(88, 1, 1, 6, 13, 1),
(89, 1, 1, 6, 14, 1),
(90, 1, 1, 6, 15, 1),
(91, 1, 1, 7, 1, 1),
(92, 1, 1, 7, 2, 1),
(93, 1, 1, 7, 3, 1),
(94, 1, 1, 7, 4, 1),
(95, 1, 1, 7, 5, 1),
(96, 1, 1, 7, 6, 1),
(97, 1, 1, 7, 7, 1),
(98, 1, 1, 7, 8, 1),
(99, 1, 1, 7, 9, 1),
(100, 1, 1, 7, 10, 1),
(101, 1, 1, 7, 11, 1),
(102, 1, 1, 7, 12, 1),
(103, 1, 1, 7, 13, 1),
(104, 1, 1, 7, 14, 1),
(105, 1, 1, 7, 15, 1),
(106, 1, 1, 8, 1, 1),
(107, 1, 1, 8, 2, 1),
(108, 1, 1, 8, 3, 1),
(109, 1, 1, 8, 4, 1),
(110, 1, 1, 8, 5, 1),
(111, 1, 1, 8, 6, 1),
(112, 1, 1, 8, 7, 1),
(113, 1, 1, 8, 8, 1),
(114, 1, 1, 8, 9, 1),
(115, 1, 1, 8, 10, 1),
(116, 1, 1, 8, 11, 1),
(117, 1, 1, 8, 12, 1),
(118, 1, 1, 8, 13, 1),
(119, 1, 1, 8, 14, 1),
(120, 1, 1, 8, 15, 1),
(121, 1, 1, 9, 1, 1),
(122, 1, 1, 9, 2, 1),
(123, 1, 1, 9, 3, 1),
(124, 1, 1, 9, 4, 1),
(125, 1, 1, 9, 5, 1),
(126, 1, 1, 9, 6, 1),
(127, 1, 1, 9, 7, 1),
(128, 1, 1, 9, 8, 1),
(129, 1, 1, 9, 9, 1),
(130, 1, 1, 9, 10, 1),
(131, 1, 1, 9, 11, 1),
(132, 1, 1, 9, 12, 1),
(133, 1, 1, 9, 13, 1),
(134, 1, 1, 9, 14, 1),
(135, 1, 1, 9, 15, 1),
(136, 1, 1, 10, 1, 1),
(137, 1, 1, 10, 2, 1),
(138, 1, 1, 10, 3, 1),
(139, 1, 1, 10, 4, 1),
(140, 1, 1, 10, 5, 1),
(141, 1, 1, 10, 6, 1),
(142, 1, 1, 10, 7, 1),
(143, 1, 1, 10, 8, 1),
(144, 1, 1, 10, 9, 1),
(145, 1, 1, 10, 10, 1),
(146, 1, 1, 10, 11, 1),
(147, 1, 1, 10, 12, 1),
(148, 1, 1, 10, 13, 1),
(149, 1, 1, 10, 14, 1),
(150, 1, 1, 10, 15, 1),
(151, 1, 1, 11, 1, 1),
(152, 1, 1, 11, 2, 1),
(153, 1, 1, 11, 3, 1),
(154, 1, 1, 11, 4, 1),
(155, 1, 1, 11, 5, 1),
(156, 1, 1, 11, 6, 1),
(157, 1, 1, 11, 7, 1),
(158, 1, 1, 11, 8, 1),
(159, 1, 1, 11, 9, 1),
(160, 1, 1, 11, 10, 1),
(161, 1, 1, 11, 11, 1),
(162, 1, 1, 11, 12, 1),
(163, 1, 1, 11, 13, 1),
(164, 1, 1, 11, 14, 1),
(165, 1, 1, 11, 15, 1),
(166, 1, 1, 12, 1, 1),
(167, 1, 1, 12, 2, 1),
(168, 1, 1, 12, 3, 1),
(169, 1, 1, 12, 4, 1),
(170, 1, 1, 12, 5, 1),
(171, 1, 1, 12, 6, 1),
(172, 1, 1, 12, 7, 1),
(173, 1, 1, 12, 8, 1),
(174, 1, 1, 12, 9, 1),
(175, 1, 1, 12, 10, 1),
(176, 1, 1, 12, 11, 1),
(177, 1, 1, 12, 12, 1),
(178, 1, 1, 12, 13, 1),
(179, 1, 1, 12, 14, 1),
(180, 1, 1, 12, 15, 1),
(181, 1, 1, 13, 1, 1),
(182, 1, 1, 13, 2, 1),
(183, 1, 1, 13, 3, 1),
(184, 1, 1, 13, 4, 1),
(185, 1, 1, 13, 5, 1),
(186, 1, 1, 13, 6, 1),
(187, 1, 1, 13, 7, 1),
(188, 1, 1, 13, 8, 1),
(189, 1, 1, 13, 9, 1),
(190, 1, 1, 13, 10, 1),
(191, 1, 1, 13, 11, 1),
(192, 1, 1, 13, 12, 1),
(193, 1, 1, 13, 13, 1),
(194, 1, 1, 13, 14, 1),
(195, 1, 1, 13, 15, 1),
(196, 1, 1, 14, 1, 1),
(197, 1, 1, 14, 2, 1),
(198, 1, 1, 14, 3, 1),
(199, 1, 1, 14, 4, 1),
(200, 1, 1, 14, 5, 1),
(201, 1, 1, 14, 6, 1),
(202, 1, 1, 14, 7, 1),
(203, 1, 1, 14, 8, 1),
(204, 1, 1, 14, 9, 1),
(205, 1, 1, 14, 10, 1),
(206, 1, 1, 14, 11, 1),
(207, 1, 1, 14, 12, 1),
(208, 1, 1, 14, 13, 1),
(209, 1, 1, 14, 14, 1),
(210, 1, 1, 14, 15, 1),
(211, 1, 1, 15, 1, 1),
(212, 1, 1, 15, 2, 1),
(213, 1, 1, 15, 3, 1),
(214, 1, 1, 15, 4, 1),
(215, 1, 1, 15, 5, 1),
(216, 1, 1, 15, 6, 1),
(217, 1, 1, 15, 7, 1),
(218, 1, 1, 15, 8, 1),
(219, 1, 1, 15, 9, 1),
(220, 1, 1, 15, 10, 1),
(221, 1, 1, 15, 11, 1),
(222, 1, 1, 15, 12, 1),
(223, 1, 1, 15, 13, 1),
(224, 1, 1, 15, 14, 1),
(225, 1, 1, 15, 15, 1),
(226, 1, 2, 1, 1, 1),
(227, 1, 2, 1, 2, 1),
(228, 1, 2, 1, 3, 1),
(229, 1, 2, 1, 4, 1),
(230, 1, 2, 1, 5, 1),
(231, 1, 2, 1, 6, 1),
(232, 1, 2, 1, 7, 1),
(233, 1, 2, 1, 8, 1),
(234, 1, 2, 1, 9, 1),
(235, 1, 2, 1, 10, 1),
(236, 1, 2, 1, 11, 1),
(237, 1, 2, 1, 12, 1),
(238, 1, 2, 1, 13, 1),
(239, 1, 2, 1, 14, 1),
(240, 1, 2, 1, 15, 1),
(241, 1, 2, 2, 1, 1),
(242, 1, 2, 2, 2, 1),
(243, 1, 2, 2, 3, 1),
(244, 1, 2, 2, 4, 1),
(245, 1, 2, 2, 5, 1),
(246, 1, 2, 2, 6, 1),
(247, 1, 2, 2, 7, 1),
(248, 1, 2, 2, 8, 1),
(249, 1, 2, 2, 9, 1),
(250, 1, 2, 2, 10, 1),
(251, 1, 2, 2, 11, 1),
(252, 1, 2, 2, 12, 1),
(253, 1, 2, 2, 13, 1),
(254, 1, 2, 2, 14, 1),
(255, 1, 2, 2, 15, 1),
(256, 1, 2, 3, 1, 1),
(257, 1, 2, 3, 2, 1),
(258, 1, 2, 3, 3, 1),
(259, 1, 2, 3, 4, 1),
(260, 1, 2, 3, 5, 1),
(261, 1, 2, 3, 6, 1),
(262, 1, 2, 3, 7, 1),
(263, 1, 2, 3, 8, 1),
(264, 1, 2, 3, 9, 1),
(265, 1, 2, 3, 10, 1),
(266, 1, 2, 3, 11, 1),
(267, 1, 2, 3, 12, 1),
(268, 1, 2, 3, 13, 1),
(269, 1, 2, 3, 14, 1),
(270, 1, 2, 3, 15, 1),
(271, 1, 2, 4, 1, 1),
(272, 1, 2, 4, 2, 1),
(273, 1, 2, 4, 3, 1),
(274, 1, 2, 4, 4, 1),
(275, 1, 2, 4, 5, 1),
(276, 1, 2, 4, 6, 1),
(277, 1, 2, 4, 7, 1),
(278, 1, 2, 4, 8, 1),
(279, 1, 2, 4, 9, 1),
(280, 1, 2, 4, 10, 1),
(281, 1, 2, 4, 11, 1),
(282, 1, 2, 4, 12, 1),
(283, 1, 2, 4, 13, 1),
(284, 1, 2, 4, 14, 1),
(285, 1, 2, 4, 15, 1),
(286, 1, 2, 5, 1, 1),
(287, 1, 2, 5, 2, 1),
(288, 1, 2, 5, 3, 1),
(289, 1, 2, 5, 4, 1),
(290, 1, 2, 5, 5, 1),
(291, 1, 2, 5, 6, 1),
(292, 1, 2, 5, 7, 1),
(293, 1, 2, 5, 8, 1),
(294, 1, 2, 5, 9, 1),
(295, 1, 2, 5, 10, 1),
(296, 1, 2, 5, 11, 1),
(297, 1, 2, 5, 12, 1),
(298, 1, 2, 5, 13, 1),
(299, 1, 2, 5, 14, 1),
(300, 1, 2, 5, 15, 1),
(301, 1, 2, 6, 1, 1),
(302, 1, 2, 6, 2, 1),
(303, 1, 2, 6, 3, 1),
(304, 1, 2, 6, 4, 1),
(305, 1, 2, 6, 5, 1),
(306, 1, 2, 6, 6, 1),
(307, 1, 2, 6, 7, 1),
(308, 1, 2, 6, 8, 1),
(309, 1, 2, 6, 9, 1),
(310, 1, 2, 6, 10, 1),
(311, 1, 2, 6, 11, 1),
(312, 1, 2, 6, 12, 1),
(313, 1, 2, 6, 13, 1),
(314, 1, 2, 6, 14, 1),
(315, 1, 2, 6, 15, 1),
(316, 1, 2, 7, 1, 1),
(317, 1, 2, 7, 2, 1),
(318, 1, 2, 7, 3, 1),
(319, 1, 2, 7, 4, 1),
(320, 1, 2, 7, 5, 1),
(321, 1, 2, 7, 6, 1),
(322, 1, 2, 7, 7, 1),
(323, 1, 2, 7, 8, 1),
(324, 1, 2, 7, 9, 1),
(325, 1, 2, 7, 10, 1),
(326, 1, 2, 7, 11, 1),
(327, 1, 2, 7, 12, 1),
(328, 1, 2, 7, 13, 1),
(329, 1, 2, 7, 14, 1),
(330, 1, 2, 7, 15, 1),
(331, 1, 2, 8, 1, 1),
(332, 1, 2, 8, 2, 1),
(333, 1, 2, 8, 3, 1),
(334, 1, 2, 8, 4, 1),
(335, 1, 2, 8, 5, 1),
(336, 1, 2, 8, 6, 1),
(337, 1, 2, 8, 7, 1),
(338, 1, 2, 8, 8, 1),
(339, 1, 2, 8, 9, 1),
(340, 1, 2, 8, 10, 1),
(341, 1, 2, 8, 11, 1),
(342, 1, 2, 8, 12, 1),
(343, 1, 2, 8, 13, 1),
(344, 1, 2, 8, 14, 1),
(345, 1, 2, 8, 15, 1),
(346, 1, 2, 9, 1, 1),
(347, 1, 2, 9, 2, 1),
(348, 1, 2, 9, 3, 1),
(349, 1, 2, 9, 4, 1),
(350, 1, 2, 9, 5, 1),
(351, 1, 2, 9, 6, 1),
(352, 1, 2, 9, 7, 1),
(353, 1, 2, 9, 8, 1),
(354, 1, 2, 9, 9, 1),
(355, 1, 2, 9, 10, 1),
(356, 1, 2, 9, 11, 1),
(357, 1, 2, 9, 12, 1),
(358, 1, 2, 9, 13, 1),
(359, 1, 2, 9, 14, 1),
(360, 1, 2, 9, 15, 1),
(361, 1, 2, 10, 1, 1),
(362, 1, 2, 10, 2, 1),
(363, 1, 2, 10, 3, 1),
(364, 1, 2, 10, 4, 1),
(365, 1, 2, 10, 5, 1),
(366, 1, 2, 10, 6, 1),
(367, 1, 2, 10, 7, 1),
(368, 1, 2, 10, 8, 1),
(369, 1, 2, 10, 9, 1),
(370, 1, 2, 10, 10, 1),
(371, 1, 2, 10, 11, 1),
(372, 1, 2, 10, 12, 1),
(373, 1, 2, 10, 13, 1),
(374, 1, 2, 10, 14, 1),
(375, 1, 2, 10, 15, 1),
(376, 1, 2, 11, 1, 1),
(377, 1, 2, 11, 2, 1),
(378, 1, 2, 11, 3, 1),
(379, 1, 2, 11, 4, 1),
(380, 1, 2, 11, 5, 1),
(381, 1, 2, 11, 6, 1),
(382, 1, 2, 11, 7, 1),
(383, 1, 2, 11, 8, 1),
(384, 1, 2, 11, 9, 1),
(385, 1, 2, 11, 10, 1),
(386, 1, 2, 11, 11, 1),
(387, 1, 2, 11, 12, 1),
(388, 1, 2, 11, 13, 1),
(389, 1, 2, 11, 14, 1),
(390, 1, 2, 11, 15, 1),
(391, 1, 2, 12, 1, 1),
(392, 1, 2, 12, 2, 1),
(393, 1, 2, 12, 3, 1),
(394, 1, 2, 12, 4, 1),
(395, 1, 2, 12, 5, 1),
(396, 1, 2, 12, 6, 1),
(397, 1, 2, 12, 7, 1),
(398, 1, 2, 12, 8, 1),
(399, 1, 2, 12, 9, 1),
(400, 1, 2, 12, 10, 1),
(401, 1, 2, 12, 11, 1),
(402, 1, 2, 12, 12, 1),
(403, 1, 2, 12, 13, 1),
(404, 1, 2, 12, 14, 1),
(405, 1, 2, 12, 15, 1),
(406, 1, 2, 13, 1, 1),
(407, 1, 2, 13, 2, 1),
(408, 1, 2, 13, 3, 1),
(409, 1, 2, 13, 4, 1),
(410, 1, 2, 13, 5, 1),
(411, 1, 2, 13, 6, 1),
(412, 1, 2, 13, 7, 1),
(413, 1, 2, 13, 8, 1),
(414, 1, 2, 13, 9, 1),
(415, 1, 2, 13, 10, 1),
(416, 1, 2, 13, 11, 1),
(417, 1, 2, 13, 12, 1),
(418, 1, 2, 13, 13, 1),
(419, 1, 2, 13, 14, 1),
(420, 1, 2, 13, 15, 1),
(421, 1, 2, 14, 1, 1),
(422, 1, 2, 14, 2, 1),
(423, 1, 2, 14, 3, 1),
(424, 1, 2, 14, 4, 1),
(425, 1, 2, 14, 5, 1),
(426, 1, 2, 14, 6, 1),
(427, 1, 2, 14, 7, 1),
(428, 1, 2, 14, 8, 1),
(429, 1, 2, 14, 9, 1),
(430, 1, 2, 14, 10, 1),
(431, 1, 2, 14, 11, 1),
(432, 1, 2, 14, 12, 1),
(433, 1, 2, 14, 13, 1),
(434, 1, 2, 14, 14, 1),
(435, 1, 2, 14, 15, 1),
(436, 1, 2, 15, 1, 1),
(437, 1, 2, 15, 2, 1),
(438, 1, 2, 15, 3, 1),
(439, 1, 2, 15, 4, 1),
(440, 1, 2, 15, 5, 1),
(441, 1, 2, 15, 6, 1),
(442, 1, 2, 15, 7, 1),
(443, 1, 2, 15, 8, 1),
(444, 1, 2, 15, 9, 1),
(445, 1, 2, 15, 10, 1),
(446, 1, 2, 15, 11, 1),
(447, 1, 2, 15, 12, 1),
(448, 1, 2, 15, 13, 1),
(449, 1, 2, 15, 14, 1),
(450, 1, 2, 15, 15, 1),
(451, 1, 3, 1, 1, 1),
(452, 1, 3, 1, 2, 1),
(453, 1, 3, 1, 3, 1),
(454, 1, 3, 1, 4, 1),
(455, 1, 3, 1, 5, 1),
(456, 1, 3, 1, 6, 1),
(457, 1, 3, 1, 7, 1),
(458, 1, 3, 1, 8, 1),
(459, 1, 3, 1, 9, 1),
(460, 1, 3, 1, 10, 1),
(461, 1, 3, 1, 11, 1),
(462, 1, 3, 1, 12, 1),
(463, 1, 3, 1, 13, 1),
(464, 1, 3, 1, 14, 1),
(465, 1, 3, 1, 15, 1),
(466, 1, 3, 2, 1, 1),
(467, 1, 3, 2, 2, 1),
(468, 1, 3, 2, 3, 1),
(469, 1, 3, 2, 4, 1),
(470, 1, 3, 2, 5, 1),
(471, 1, 3, 2, 6, 1),
(472, 1, 3, 2, 7, 1),
(473, 1, 3, 2, 8, 1),
(474, 1, 3, 2, 9, 1),
(475, 1, 3, 2, 10, 1),
(476, 1, 3, 2, 11, 1),
(477, 1, 3, 2, 12, 1),
(478, 1, 3, 2, 13, 1),
(479, 1, 3, 2, 14, 1),
(480, 1, 3, 2, 15, 1),
(481, 1, 3, 3, 1, 1),
(482, 1, 3, 3, 2, 1),
(483, 1, 3, 3, 3, 1),
(484, 1, 3, 3, 4, 1),
(485, 1, 3, 3, 5, 1),
(486, 1, 3, 3, 6, 1),
(487, 1, 3, 3, 7, 1),
(488, 1, 3, 3, 8, 1),
(489, 1, 3, 3, 9, 1),
(490, 1, 3, 3, 10, 1),
(491, 1, 3, 3, 11, 1),
(492, 1, 3, 3, 12, 1),
(493, 1, 3, 3, 13, 1),
(494, 1, 3, 3, 14, 1),
(495, 1, 3, 3, 15, 1),
(496, 1, 3, 4, 1, 1),
(497, 1, 3, 4, 2, 1),
(498, 1, 3, 4, 3, 1),
(499, 1, 3, 4, 4, 1),
(500, 1, 3, 4, 5, 1),
(501, 1, 3, 4, 6, 1),
(502, 1, 3, 4, 7, 1),
(503, 1, 3, 4, 8, 1),
(504, 1, 3, 4, 9, 1),
(505, 1, 3, 4, 10, 1),
(506, 1, 3, 4, 11, 1),
(507, 1, 3, 4, 12, 1),
(508, 1, 3, 4, 13, 1),
(509, 1, 3, 4, 14, 1),
(510, 1, 3, 4, 15, 1),
(511, 1, 3, 5, 1, 1),
(512, 1, 3, 5, 2, 1),
(513, 1, 3, 5, 3, 1),
(514, 1, 3, 5, 4, 1),
(515, 1, 3, 5, 5, 1),
(516, 1, 3, 5, 6, 1),
(517, 1, 3, 5, 7, 1),
(518, 1, 3, 5, 8, 1),
(519, 1, 3, 5, 9, 1),
(520, 1, 3, 5, 10, 1),
(521, 1, 3, 5, 11, 1),
(522, 1, 3, 5, 12, 1),
(523, 1, 3, 5, 13, 1),
(524, 1, 3, 5, 14, 1),
(525, 1, 3, 5, 15, 1),
(526, 1, 3, 6, 1, 1),
(527, 1, 3, 6, 2, 1),
(528, 1, 3, 6, 3, 1),
(529, 1, 3, 6, 4, 1),
(530, 1, 3, 6, 5, 1),
(531, 1, 3, 6, 6, 1),
(532, 1, 3, 6, 7, 1),
(533, 1, 3, 6, 8, 1),
(534, 1, 3, 6, 9, 1),
(535, 1, 3, 6, 10, 1),
(536, 1, 3, 6, 11, 1),
(537, 1, 3, 6, 12, 1),
(538, 1, 3, 6, 13, 1),
(539, 1, 3, 6, 14, 1),
(540, 1, 3, 6, 15, 1),
(541, 1, 3, 7, 1, 1),
(542, 1, 3, 7, 2, 1),
(543, 1, 3, 7, 3, 1),
(544, 1, 3, 7, 4, 1),
(545, 1, 3, 7, 5, 1),
(546, 1, 3, 7, 6, 1),
(547, 1, 3, 7, 7, 1),
(548, 1, 3, 7, 8, 1),
(549, 1, 3, 7, 9, 1),
(550, 1, 3, 7, 10, 1),
(551, 1, 3, 7, 11, 1),
(552, 1, 3, 7, 12, 1),
(553, 1, 3, 7, 13, 1),
(554, 1, 3, 7, 14, 1),
(555, 1, 3, 7, 15, 1),
(556, 1, 3, 8, 1, 1),
(557, 1, 3, 8, 2, 1),
(558, 1, 3, 8, 3, 1),
(559, 1, 3, 8, 4, 1),
(560, 1, 3, 8, 5, 1),
(561, 1, 3, 8, 6, 1),
(562, 1, 3, 8, 7, 1),
(563, 1, 3, 8, 8, 1),
(564, 1, 3, 8, 9, 1),
(565, 1, 3, 8, 10, 1),
(566, 1, 3, 8, 11, 1),
(567, 1, 3, 8, 12, 1),
(568, 1, 3, 8, 13, 1),
(569, 1, 3, 8, 14, 1),
(570, 1, 3, 8, 15, 1),
(571, 1, 3, 9, 1, 1),
(572, 1, 3, 9, 2, 1),
(573, 1, 3, 9, 3, 1),
(574, 1, 3, 9, 4, 1),
(575, 1, 3, 9, 5, 1),
(576, 1, 3, 9, 6, 1),
(577, 1, 3, 9, 7, 1),
(578, 1, 3, 9, 8, 1),
(579, 1, 3, 9, 9, 1),
(580, 1, 3, 9, 10, 1),
(581, 1, 3, 9, 11, 1),
(582, 1, 3, 9, 12, 1),
(583, 1, 3, 9, 13, 1),
(584, 1, 3, 9, 14, 1),
(585, 1, 3, 9, 15, 1),
(586, 1, 3, 10, 1, 1),
(587, 1, 3, 10, 2, 1),
(588, 1, 3, 10, 3, 1),
(589, 1, 3, 10, 4, 1),
(590, 1, 3, 10, 5, 1),
(591, 1, 3, 10, 6, 1),
(592, 1, 3, 10, 7, 1),
(593, 1, 3, 10, 8, 1),
(594, 1, 3, 10, 9, 1),
(595, 1, 3, 10, 10, 1),
(596, 1, 3, 10, 11, 1),
(597, 1, 3, 10, 12, 1),
(598, 1, 3, 10, 13, 1),
(599, 1, 3, 10, 14, 1),
(600, 1, 3, 10, 15, 1),
(601, 1, 3, 11, 1, 1),
(602, 1, 3, 11, 2, 1),
(603, 1, 3, 11, 3, 1),
(604, 1, 3, 11, 4, 1),
(605, 1, 3, 11, 5, 1),
(606, 1, 3, 11, 6, 1),
(607, 1, 3, 11, 7, 1),
(608, 1, 3, 11, 8, 1),
(609, 1, 3, 11, 9, 1),
(610, 1, 3, 11, 10, 1),
(611, 1, 3, 11, 11, 1),
(612, 1, 3, 11, 12, 1),
(613, 1, 3, 11, 13, 1),
(614, 1, 3, 11, 14, 1),
(615, 1, 3, 11, 15, 1),
(616, 1, 3, 12, 1, 1),
(617, 1, 3, 12, 2, 1),
(618, 1, 3, 12, 3, 1),
(619, 1, 3, 12, 4, 1),
(620, 1, 3, 12, 5, 1),
(621, 1, 3, 12, 6, 1),
(622, 1, 3, 12, 7, 1),
(623, 1, 3, 12, 8, 1),
(624, 1, 3, 12, 9, 1),
(625, 1, 3, 12, 10, 1),
(626, 1, 3, 12, 11, 1),
(627, 1, 3, 12, 12, 1),
(628, 1, 3, 12, 13, 1),
(629, 1, 3, 12, 14, 1),
(630, 1, 3, 12, 15, 1),
(631, 1, 3, 13, 1, 1),
(632, 1, 3, 13, 2, 1),
(633, 1, 3, 13, 3, 1),
(634, 1, 3, 13, 4, 1),
(635, 1, 3, 13, 5, 1),
(636, 1, 3, 13, 6, 1),
(637, 1, 3, 13, 7, 1),
(638, 1, 3, 13, 8, 1),
(639, 1, 3, 13, 9, 1),
(640, 1, 3, 13, 10, 1),
(641, 1, 3, 13, 11, 1),
(642, 1, 3, 13, 12, 1),
(643, 1, 3, 13, 13, 1),
(644, 1, 3, 13, 14, 1),
(645, 1, 3, 13, 15, 1),
(646, 1, 3, 14, 1, 1),
(647, 1, 3, 14, 2, 1),
(648, 1, 3, 14, 3, 1),
(649, 1, 3, 14, 4, 1),
(650, 1, 3, 14, 5, 1),
(651, 1, 3, 14, 6, 1),
(652, 1, 3, 14, 7, 1),
(653, 1, 3, 14, 8, 1),
(654, 1, 3, 14, 9, 1),
(655, 1, 3, 14, 10, 1),
(656, 1, 3, 14, 11, 1),
(657, 1, 3, 14, 12, 1),
(658, 1, 3, 14, 13, 1),
(659, 1, 3, 14, 14, 1),
(660, 1, 3, 14, 15, 1),
(661, 1, 3, 15, 1, 1),
(662, 1, 3, 15, 2, 1),
(663, 1, 3, 15, 3, 1),
(664, 1, 3, 15, 4, 1),
(665, 1, 3, 15, 5, 1),
(666, 1, 3, 15, 6, 1),
(667, 1, 3, 15, 7, 1),
(668, 1, 3, 15, 8, 1),
(669, 1, 3, 15, 9, 1),
(670, 1, 3, 15, 10, 1),
(671, 1, 3, 15, 11, 1),
(672, 1, 3, 15, 12, 1),
(673, 1, 3, 15, 13, 1),
(674, 1, 3, 15, 14, 1),
(675, 1, 3, 15, 15, 1),
(676, 1, 4, 1, 1, 1),
(677, 1, 4, 1, 2, 1),
(678, 1, 4, 1, 3, 1),
(679, 1, 4, 1, 4, 1),
(680, 1, 4, 1, 5, 1),
(681, 1, 4, 1, 6, 1),
(682, 1, 4, 1, 7, 1),
(683, 1, 4, 1, 8, 1),
(684, 1, 4, 1, 9, 1),
(685, 1, 4, 1, 10, 1),
(686, 1, 4, 1, 11, 1),
(687, 1, 4, 1, 12, 1),
(688, 1, 4, 1, 13, 1),
(689, 1, 4, 1, 14, 1),
(690, 1, 4, 1, 15, 1),
(691, 1, 4, 2, 1, 1),
(692, 1, 4, 2, 2, 1),
(693, 1, 4, 2, 3, 1),
(694, 1, 4, 2, 4, 1),
(695, 1, 4, 2, 5, 1),
(696, 1, 4, 2, 6, 1),
(697, 1, 4, 2, 7, 1),
(698, 1, 4, 2, 8, 1),
(699, 1, 4, 2, 9, 1),
(700, 1, 4, 2, 10, 1),
(701, 1, 4, 2, 11, 1),
(702, 1, 4, 2, 12, 1),
(703, 1, 4, 2, 13, 1),
(704, 1, 4, 2, 14, 1),
(705, 1, 4, 2, 15, 1),
(706, 1, 4, 3, 1, 1),
(707, 1, 4, 3, 2, 1),
(708, 1, 4, 3, 3, 1),
(709, 1, 4, 3, 4, 1),
(710, 1, 4, 3, 5, 1),
(711, 1, 4, 3, 6, 1),
(712, 1, 4, 3, 7, 1),
(713, 1, 4, 3, 8, 1),
(714, 1, 4, 3, 9, 1),
(715, 1, 4, 3, 10, 1),
(716, 1, 4, 3, 11, 1),
(717, 1, 4, 3, 12, 1),
(718, 1, 4, 3, 13, 1),
(719, 1, 4, 3, 14, 1),
(720, 1, 4, 3, 15, 1),
(721, 1, 4, 4, 1, 1),
(722, 1, 4, 4, 2, 1),
(723, 1, 4, 4, 3, 1),
(724, 1, 4, 4, 4, 1),
(725, 1, 4, 4, 5, 1),
(726, 1, 4, 4, 6, 1),
(727, 1, 4, 4, 7, 1),
(728, 1, 4, 4, 8, 1),
(729, 1, 4, 4, 9, 1),
(730, 1, 4, 4, 10, 1),
(731, 1, 4, 4, 11, 1),
(732, 1, 4, 4, 12, 1),
(733, 1, 4, 4, 13, 1),
(734, 1, 4, 4, 14, 1),
(735, 1, 4, 4, 15, 1),
(736, 1, 4, 5, 1, 1),
(737, 1, 4, 5, 2, 1),
(738, 1, 4, 5, 3, 1),
(739, 1, 4, 5, 4, 1),
(740, 1, 4, 5, 5, 1),
(741, 1, 4, 5, 6, 1),
(742, 1, 4, 5, 7, 1),
(743, 1, 4, 5, 8, 1),
(744, 1, 4, 5, 9, 1),
(745, 1, 4, 5, 10, 1),
(746, 1, 4, 5, 11, 1),
(747, 1, 4, 5, 12, 1),
(748, 1, 4, 5, 13, 1),
(749, 1, 4, 5, 14, 1),
(750, 1, 4, 5, 15, 1),
(751, 1, 4, 6, 1, 1),
(752, 1, 4, 6, 2, 1),
(753, 1, 4, 6, 3, 1),
(754, 1, 4, 6, 4, 1),
(755, 1, 4, 6, 5, 1),
(756, 1, 4, 6, 6, 1),
(757, 1, 4, 6, 7, 1),
(758, 1, 4, 6, 8, 1),
(759, 1, 4, 6, 9, 1),
(760, 1, 4, 6, 10, 1),
(761, 1, 4, 6, 11, 1),
(762, 1, 4, 6, 12, 1),
(763, 1, 4, 6, 13, 1),
(764, 1, 4, 6, 14, 1),
(765, 1, 4, 6, 15, 1),
(766, 1, 4, 7, 1, 1),
(767, 1, 4, 7, 2, 1),
(768, 1, 4, 7, 3, 1),
(769, 1, 4, 7, 4, 1),
(770, 1, 4, 7, 5, 1),
(771, 1, 4, 7, 6, 1),
(772, 1, 4, 7, 7, 1),
(773, 1, 4, 7, 8, 1),
(774, 1, 4, 7, 9, 1),
(775, 1, 4, 7, 10, 1),
(776, 1, 4, 7, 11, 1),
(777, 1, 4, 7, 12, 1),
(778, 1, 4, 7, 13, 1),
(779, 1, 4, 7, 14, 1),
(780, 1, 4, 7, 15, 1),
(781, 1, 4, 8, 1, 1),
(782, 1, 4, 8, 2, 1),
(783, 1, 4, 8, 3, 1),
(784, 1, 4, 8, 4, 1),
(785, 1, 4, 8, 5, 1),
(786, 1, 4, 8, 6, 1),
(787, 1, 4, 8, 7, 1),
(788, 1, 4, 8, 8, 1),
(789, 1, 4, 8, 9, 1),
(790, 1, 4, 8, 10, 1),
(791, 1, 4, 8, 11, 1),
(792, 1, 4, 8, 12, 1),
(793, 1, 4, 8, 13, 1),
(794, 1, 4, 8, 14, 1),
(795, 1, 4, 8, 15, 1),
(796, 1, 4, 9, 1, 1),
(797, 1, 4, 9, 2, 1),
(798, 1, 4, 9, 3, 1),
(799, 1, 4, 9, 4, 1),
(800, 1, 4, 9, 5, 1),
(801, 1, 4, 9, 6, 1),
(802, 1, 4, 9, 7, 1),
(803, 1, 4, 9, 8, 1),
(804, 1, 4, 9, 9, 1),
(805, 1, 4, 9, 10, 1),
(806, 1, 4, 9, 11, 1),
(807, 1, 4, 9, 12, 1),
(808, 1, 4, 9, 13, 1),
(809, 1, 4, 9, 14, 1),
(810, 1, 4, 9, 15, 1),
(811, 1, 4, 10, 1, 1),
(812, 1, 4, 10, 2, 1),
(813, 1, 4, 10, 3, 1),
(814, 1, 4, 10, 4, 1),
(815, 1, 4, 10, 5, 1),
(816, 1, 4, 10, 6, 1),
(817, 1, 4, 10, 7, 1),
(818, 1, 4, 10, 8, 1),
(819, 1, 4, 10, 9, 1),
(820, 1, 4, 10, 10, 1),
(821, 1, 4, 10, 11, 1),
(822, 1, 4, 10, 12, 1),
(823, 1, 4, 10, 13, 1),
(824, 1, 4, 10, 14, 1),
(825, 1, 4, 10, 15, 1),
(826, 1, 4, 11, 1, 1),
(827, 1, 4, 11, 2, 1),
(828, 1, 4, 11, 3, 1),
(829, 1, 4, 11, 4, 1),
(830, 1, 4, 11, 5, 1),
(831, 1, 4, 11, 6, 1),
(832, 1, 4, 11, 7, 1),
(833, 1, 4, 11, 8, 1),
(834, 1, 4, 11, 9, 1),
(835, 1, 4, 11, 10, 1),
(836, 1, 4, 11, 11, 1),
(837, 1, 4, 11, 12, 1),
(838, 1, 4, 11, 13, 1),
(839, 1, 4, 11, 14, 1),
(840, 1, 4, 11, 15, 1),
(841, 1, 4, 12, 1, 1),
(842, 1, 4, 12, 2, 1),
(843, 1, 4, 12, 3, 1),
(844, 1, 4, 12, 4, 1),
(845, 1, 4, 12, 5, 1),
(846, 1, 4, 12, 6, 1),
(847, 1, 4, 12, 7, 1),
(848, 1, 4, 12, 8, 1),
(849, 1, 4, 12, 9, 1),
(850, 1, 4, 12, 10, 1),
(851, 1, 4, 12, 11, 1),
(852, 1, 4, 12, 12, 1),
(853, 1, 4, 12, 13, 1),
(854, 1, 4, 12, 14, 1),
(855, 1, 4, 12, 15, 1),
(856, 1, 4, 13, 1, 1),
(857, 1, 4, 13, 2, 1),
(858, 1, 4, 13, 3, 1),
(859, 1, 4, 13, 4, 1),
(860, 1, 4, 13, 5, 1),
(861, 1, 4, 13, 6, 1),
(862, 1, 4, 13, 7, 1),
(863, 1, 4, 13, 8, 1),
(864, 1, 4, 13, 9, 1),
(865, 1, 4, 13, 10, 1),
(866, 1, 4, 13, 11, 1),
(867, 1, 4, 13, 12, 1),
(868, 1, 4, 13, 13, 1),
(869, 1, 4, 13, 14, 1),
(870, 1, 4, 13, 15, 1),
(871, 1, 4, 14, 1, 1),
(872, 1, 4, 14, 2, 1),
(873, 1, 4, 14, 3, 1),
(874, 1, 4, 14, 4, 1),
(875, 1, 4, 14, 5, 1),
(876, 1, 4, 14, 6, 1),
(877, 1, 4, 14, 7, 1),
(878, 1, 4, 14, 8, 1),
(879, 1, 4, 14, 9, 1),
(880, 1, 4, 14, 10, 1),
(881, 1, 4, 14, 11, 1),
(882, 1, 4, 14, 12, 1),
(883, 1, 4, 14, 13, 1),
(884, 1, 4, 14, 14, 1),
(885, 1, 4, 14, 15, 1),
(886, 1, 4, 15, 1, 1),
(887, 1, 4, 15, 2, 1),
(888, 1, 4, 15, 3, 1),
(889, 1, 4, 15, 4, 1),
(890, 1, 4, 15, 5, 1),
(891, 1, 4, 15, 6, 1),
(892, 1, 4, 15, 7, 1),
(893, 1, 4, 15, 8, 1),
(894, 1, 4, 15, 9, 1),
(895, 1, 4, 15, 10, 1),
(896, 1, 4, 15, 11, 1),
(897, 1, 4, 15, 12, 1),
(898, 1, 4, 15, 13, 1),
(899, 1, 4, 15, 14, 1),
(900, 1, 4, 15, 15, 1),
(901, 1, 5, 1, 1, 1),
(902, 1, 5, 1, 2, 1),
(903, 1, 5, 1, 3, 1),
(904, 1, 5, 1, 4, 1),
(905, 1, 5, 1, 5, 1),
(906, 1, 5, 1, 6, 1),
(907, 1, 5, 1, 7, 1),
(908, 1, 5, 1, 8, 1),
(909, 1, 5, 1, 9, 1),
(910, 1, 5, 1, 10, 1),
(911, 1, 5, 1, 11, 1),
(912, 1, 5, 1, 12, 1),
(913, 1, 5, 1, 13, 1),
(914, 1, 5, 1, 14, 1),
(915, 1, 5, 1, 15, 1),
(916, 1, 5, 2, 1, 1),
(917, 1, 5, 2, 2, 1),
(918, 1, 5, 2, 3, 1),
(919, 1, 5, 2, 4, 1),
(920, 1, 5, 2, 5, 1),
(921, 1, 5, 2, 6, 1),
(922, 1, 5, 2, 7, 1),
(923, 1, 5, 2, 8, 1),
(924, 1, 5, 2, 9, 1),
(925, 1, 5, 2, 10, 1),
(926, 1, 5, 2, 11, 1),
(927, 1, 5, 2, 12, 1),
(928, 1, 5, 2, 13, 1),
(929, 1, 5, 2, 14, 1),
(930, 1, 5, 2, 15, 1),
(931, 1, 5, 3, 1, 1),
(932, 1, 5, 3, 2, 1),
(933, 1, 5, 3, 3, 1),
(934, 1, 5, 3, 4, 1),
(935, 1, 5, 3, 5, 1),
(936, 1, 5, 3, 6, 1),
(937, 1, 5, 3, 7, 1),
(938, 1, 5, 3, 8, 1),
(939, 1, 5, 3, 9, 1),
(940, 1, 5, 3, 10, 1),
(941, 1, 5, 3, 11, 1),
(942, 1, 5, 3, 12, 1),
(943, 1, 5, 3, 13, 1),
(944, 1, 5, 3, 14, 1),
(945, 1, 5, 3, 15, 1),
(946, 1, 5, 4, 1, 1),
(947, 1, 5, 4, 2, 1),
(948, 1, 5, 4, 3, 1),
(949, 1, 5, 4, 4, 1),
(950, 1, 5, 4, 5, 1),
(951, 1, 5, 4, 6, 1),
(952, 1, 5, 4, 7, 1),
(953, 1, 5, 4, 8, 1),
(954, 1, 5, 4, 9, 1),
(955, 1, 5, 4, 10, 1),
(956, 1, 5, 4, 11, 1),
(957, 1, 5, 4, 12, 1),
(958, 1, 5, 4, 13, 1),
(959, 1, 5, 4, 14, 1),
(960, 1, 5, 4, 15, 1),
(961, 1, 5, 5, 1, 1),
(962, 1, 5, 5, 2, 1),
(963, 1, 5, 5, 3, 1),
(964, 1, 5, 5, 4, 1),
(965, 1, 5, 5, 5, 1),
(966, 1, 5, 5, 6, 1),
(967, 1, 5, 5, 7, 1),
(968, 1, 5, 5, 8, 1),
(969, 1, 5, 5, 9, 1),
(970, 1, 5, 5, 10, 1),
(971, 1, 5, 5, 11, 1),
(972, 1, 5, 5, 12, 1),
(973, 1, 5, 5, 13, 1),
(974, 1, 5, 5, 14, 1),
(975, 1, 5, 5, 15, 1),
(976, 1, 5, 6, 1, 1),
(977, 1, 5, 6, 2, 1),
(978, 1, 5, 6, 3, 1),
(979, 1, 5, 6, 4, 1),
(980, 1, 5, 6, 5, 1),
(981, 1, 5, 6, 6, 1),
(982, 1, 5, 6, 7, 1),
(983, 1, 5, 6, 8, 1),
(984, 1, 5, 6, 9, 1),
(985, 1, 5, 6, 10, 1),
(986, 1, 5, 6, 11, 1),
(987, 1, 5, 6, 12, 1),
(988, 1, 5, 6, 13, 1),
(989, 1, 5, 6, 14, 1),
(990, 1, 5, 6, 15, 1),
(991, 1, 5, 7, 1, 1),
(992, 1, 5, 7, 2, 1),
(993, 1, 5, 7, 3, 1),
(994, 1, 5, 7, 4, 1),
(995, 1, 5, 7, 5, 1),
(996, 1, 5, 7, 6, 1),
(997, 1, 5, 7, 7, 1),
(998, 1, 5, 7, 8, 1),
(999, 1, 5, 7, 9, 1),
(1000, 1, 5, 7, 10, 1),
(1001, 1, 5, 7, 11, 1),
(1002, 1, 5, 7, 12, 1),
(1003, 1, 5, 7, 13, 1),
(1004, 1, 5, 7, 14, 1),
(1005, 1, 5, 7, 15, 1),
(1006, 1, 5, 8, 1, 1),
(1007, 1, 5, 8, 2, 1),
(1008, 1, 5, 8, 3, 1),
(1009, 1, 5, 8, 4, 1),
(1010, 1, 5, 8, 5, 1),
(1011, 1, 5, 8, 6, 1),
(1012, 1, 5, 8, 7, 1),
(1013, 1, 5, 8, 8, 1),
(1014, 1, 5, 8, 9, 1),
(1015, 1, 5, 8, 10, 1),
(1016, 1, 5, 8, 11, 1),
(1017, 1, 5, 8, 12, 1),
(1018, 1, 5, 8, 13, 1),
(1019, 1, 5, 8, 14, 1),
(1020, 1, 5, 8, 15, 1),
(1021, 1, 5, 9, 1, 1),
(1022, 1, 5, 9, 2, 1),
(1023, 1, 5, 9, 3, 1),
(1024, 1, 5, 9, 4, 1),
(1025, 1, 5, 9, 5, 1),
(1026, 1, 5, 9, 6, 1),
(1027, 1, 5, 9, 7, 1),
(1028, 1, 5, 9, 8, 1),
(1029, 1, 5, 9, 9, 1),
(1030, 1, 5, 9, 10, 1),
(1031, 1, 5, 9, 11, 1),
(1032, 1, 5, 9, 12, 1),
(1033, 1, 5, 9, 13, 1),
(1034, 1, 5, 9, 14, 1),
(1035, 1, 5, 9, 15, 1),
(1036, 1, 5, 10, 1, 1),
(1037, 1, 5, 10, 2, 1),
(1038, 1, 5, 10, 3, 1),
(1039, 1, 5, 10, 4, 1),
(1040, 1, 5, 10, 5, 1),
(1041, 1, 5, 10, 6, 1),
(1042, 1, 5, 10, 7, 1),
(1043, 1, 5, 10, 8, 1),
(1044, 1, 5, 10, 9, 1),
(1045, 1, 5, 10, 10, 1),
(1046, 1, 5, 10, 11, 1),
(1047, 1, 5, 10, 12, 1),
(1048, 1, 5, 10, 13, 1),
(1049, 1, 5, 10, 14, 1),
(1050, 1, 5, 10, 15, 1),
(1051, 1, 5, 11, 1, 1),
(1052, 1, 5, 11, 2, 1),
(1053, 1, 5, 11, 3, 1),
(1054, 1, 5, 11, 4, 1),
(1055, 1, 5, 11, 5, 1),
(1056, 1, 5, 11, 6, 1),
(1057, 1, 5, 11, 7, 1),
(1058, 1, 5, 11, 8, 1),
(1059, 1, 5, 11, 9, 1),
(1060, 1, 5, 11, 10, 1),
(1061, 1, 5, 11, 11, 1),
(1062, 1, 5, 11, 12, 1),
(1063, 1, 5, 11, 13, 1),
(1064, 1, 5, 11, 14, 1),
(1065, 1, 5, 11, 15, 1),
(1066, 1, 5, 12, 1, 1),
(1067, 1, 5, 12, 2, 1),
(1068, 1, 5, 12, 3, 1),
(1069, 1, 5, 12, 4, 1),
(1070, 1, 5, 12, 5, 1),
(1071, 1, 5, 12, 6, 1),
(1072, 1, 5, 12, 7, 1),
(1073, 1, 5, 12, 8, 1),
(1074, 1, 5, 12, 9, 1),
(1075, 1, 5, 12, 10, 1),
(1076, 1, 5, 12, 11, 1),
(1077, 1, 5, 12, 12, 1),
(1078, 1, 5, 12, 13, 1),
(1079, 1, 5, 12, 14, 1),
(1080, 1, 5, 12, 15, 1),
(1081, 1, 5, 13, 1, 1),
(1082, 1, 5, 13, 2, 1),
(1083, 1, 5, 13, 3, 1),
(1084, 1, 5, 13, 4, 1),
(1085, 1, 5, 13, 5, 1),
(1086, 1, 5, 13, 6, 1),
(1087, 1, 5, 13, 7, 1),
(1088, 1, 5, 13, 8, 1),
(1089, 1, 5, 13, 9, 1),
(1090, 1, 5, 13, 10, 1),
(1091, 1, 5, 13, 11, 1),
(1092, 1, 5, 13, 12, 1),
(1093, 1, 5, 13, 13, 1),
(1094, 1, 5, 13, 14, 1),
(1095, 1, 5, 13, 15, 1),
(1096, 1, 5, 14, 1, 1),
(1097, 1, 5, 14, 2, 1),
(1098, 1, 5, 14, 3, 1),
(1099, 1, 5, 14, 4, 1),
(1100, 1, 5, 14, 5, 1),
(1101, 1, 5, 14, 6, 1),
(1102, 1, 5, 14, 7, 1),
(1103, 1, 5, 14, 8, 1),
(1104, 1, 5, 14, 9, 1),
(1105, 1, 5, 14, 10, 1),
(1106, 1, 5, 14, 11, 1),
(1107, 1, 5, 14, 12, 1),
(1108, 1, 5, 14, 13, 1),
(1109, 1, 5, 14, 14, 1),
(1110, 1, 5, 14, 15, 1),
(1111, 1, 5, 15, 1, 1),
(1112, 1, 5, 15, 2, 1),
(1113, 1, 5, 15, 3, 1),
(1114, 1, 5, 15, 4, 1),
(1115, 1, 5, 15, 5, 1),
(1116, 1, 5, 15, 6, 1),
(1117, 1, 5, 15, 7, 1),
(1118, 1, 5, 15, 8, 1),
(1119, 1, 5, 15, 9, 1),
(1120, 1, 5, 15, 10, 1),
(1121, 1, 5, 15, 11, 1),
(1122, 1, 5, 15, 12, 1),
(1123, 1, 5, 15, 13, 1),
(1124, 1, 5, 15, 14, 1),
(1125, 1, 5, 15, 15, 1),
(1126, 2, 1, 1, 1, 1),
(1127, 2, 1, 1, 2, 1),
(1128, 2, 1, 1, 3, 1),
(1129, 2, 1, 1, 4, 1),
(1130, 2, 1, 1, 5, 1),
(1131, 2, 1, 1, 6, 1),
(1132, 2, 1, 1, 7, 1),
(1133, 2, 1, 1, 8, 1),
(1134, 2, 1, 1, 9, 1),
(1135, 2, 1, 1, 10, 1),
(1136, 2, 1, 1, 11, 1),
(1137, 2, 1, 1, 12, 1),
(1138, 2, 1, 1, 13, 1),
(1139, 2, 1, 1, 14, 1),
(1140, 2, 1, 1, 15, 1),
(1141, 2, 1, 2, 1, 5),
(1142, 2, 1, 2, 2, 5),
(1143, 2, 1, 2, 3, 5),
(1144, 2, 1, 2, 4, 5),
(1145, 2, 1, 2, 5, 5),
(1146, 2, 1, 2, 6, 5),
(1147, 2, 1, 2, 7, 5),
(1148, 2, 1, 2, 8, 5),
(1149, 2, 1, 2, 9, 5),
(1150, 2, 1, 2, 10, 5),
(1151, 2, 1, 2, 11, 5),
(1152, 2, 1, 2, 12, 5),
(1153, 2, 1, 2, 13, 5),
(1154, 2, 1, 2, 14, 5),
(1155, 2, 1, 2, 15, 5),
(1156, 2, 1, 3, 1, 5),
(1157, 2, 1, 3, 2, 5),
(1158, 2, 1, 3, 3, 5),
(1159, 2, 1, 3, 4, 5),
(1160, 2, 1, 3, 5, 5),
(1161, 2, 1, 3, 6, 5),
(1162, 2, 1, 3, 7, 5),
(1163, 2, 1, 3, 8, 5),
(1164, 2, 1, 3, 9, 5),
(1165, 2, 1, 3, 10, 5),
(1166, 2, 1, 3, 11, 5),
(1167, 2, 1, 3, 12, 5),
(1168, 2, 1, 3, 13, 5),
(1169, 2, 1, 3, 14, 5),
(1170, 2, 1, 3, 15, 5),
(1171, 2, 1, 4, 1, 1),
(1172, 2, 1, 4, 2, 1),
(1173, 2, 1, 4, 3, 5),
(1174, 2, 1, 4, 4, 1),
(1175, 2, 1, 4, 5, 1),
(1176, 2, 1, 4, 6, 1),
(1177, 2, 1, 4, 7, 1),
(1178, 2, 1, 4, 8, 1),
(1179, 2, 1, 4, 9, 1),
(1180, 2, 1, 4, 10, 1),
(1181, 2, 1, 4, 11, 1),
(1182, 2, 1, 4, 12, 1),
(1183, 2, 1, 4, 13, 5),
(1184, 2, 1, 4, 14, 1),
(1185, 2, 1, 4, 15, 1),
(1186, 2, 1, 5, 1, 1),
(1187, 2, 1, 5, 2, 1),
(1188, 2, 1, 5, 3, 5),
(1189, 2, 1, 5, 4, 1),
(1190, 2, 1, 5, 5, 1),
(1191, 2, 1, 5, 6, 1),
(1192, 2, 1, 5, 7, 1),
(1193, 2, 1, 5, 8, 1),
(1194, 2, 1, 5, 9, 1),
(1195, 2, 1, 5, 10, 1),
(1196, 2, 1, 5, 11, 1),
(1197, 2, 1, 5, 12, 1),
(1198, 2, 1, 5, 13, 5),
(1199, 2, 1, 5, 14, 1),
(1200, 2, 1, 5, 15, 1),
(1201, 2, 1, 6, 1, 5),
(1202, 2, 1, 6, 2, 5),
(1203, 2, 1, 6, 3, 5),
(1204, 2, 1, 6, 4, 5),
(1205, 2, 1, 6, 5, 5),
(1206, 2, 1, 6, 6, 5),
(1207, 2, 1, 6, 7, 5),
(1208, 2, 1, 6, 8, 5),
(1209, 2, 1, 6, 9, 5),
(1210, 2, 1, 6, 10, 5),
(1211, 2, 1, 6, 11, 5),
(1212, 2, 1, 6, 12, 5),
(1213, 2, 1, 6, 13, 5),
(1214, 2, 1, 6, 14, 5),
(1215, 2, 1, 6, 15, 5),
(1216, 2, 1, 7, 1, 5),
(1217, 2, 1, 7, 2, 5),
(1218, 2, 1, 7, 3, 5),
(1219, 2, 1, 7, 4, 5),
(1220, 2, 1, 7, 5, 5),
(1221, 2, 1, 7, 6, 5),
(1222, 2, 1, 7, 7, 5),
(1223, 2, 1, 7, 8, 5),
(1224, 2, 1, 7, 9, 5),
(1225, 2, 1, 7, 10, 5),
(1226, 2, 1, 7, 11, 5),
(1227, 2, 1, 7, 12, 5),
(1228, 2, 1, 7, 13, 5),
(1229, 2, 1, 7, 14, 5),
(1230, 2, 1, 7, 15, 5),
(1231, 2, 1, 8, 1, 1),
(1232, 2, 1, 8, 2, 1),
(1233, 2, 1, 8, 3, 5),
(1234, 2, 1, 8, 4, 1),
(1235, 2, 1, 8, 5, 1),
(1236, 2, 1, 8, 6, 1),
(1237, 2, 1, 8, 7, 1),
(1238, 2, 1, 8, 8, 1),
(1239, 2, 1, 8, 9, 1),
(1240, 2, 1, 8, 10, 1),
(1241, 2, 1, 8, 11, 1),
(1242, 2, 1, 8, 12, 1),
(1243, 2, 1, 8, 13, 5),
(1244, 2, 1, 8, 14, 1),
(1245, 2, 1, 8, 15, 1),
(1246, 2, 1, 9, 1, 1),
(1247, 2, 1, 9, 2, 1),
(1248, 2, 1, 9, 3, 5),
(1249, 2, 1, 9, 4, 1),
(1250, 2, 1, 9, 5, 1),
(1251, 2, 1, 9, 6, 1),
(1252, 2, 1, 9, 7, 1),
(1253, 2, 1, 9, 8, 1),
(1254, 2, 1, 9, 9, 1),
(1255, 2, 1, 9, 10, 1),
(1256, 2, 1, 9, 11, 1),
(1257, 2, 1, 9, 12, 1),
(1258, 2, 1, 9, 13, 5),
(1259, 2, 1, 9, 14, 1),
(1260, 2, 1, 9, 15, 1),
(1261, 2, 1, 10, 1, 5),
(1262, 2, 1, 10, 2, 5),
(1263, 2, 1, 10, 3, 5),
(1264, 2, 1, 10, 4, 5),
(1265, 2, 1, 10, 5, 5),
(1266, 2, 1, 10, 6, 5),
(1267, 2, 1, 10, 7, 5),
(1268, 2, 1, 10, 8, 5),
(1269, 2, 1, 10, 9, 5),
(1270, 2, 1, 10, 10, 5),
(1271, 2, 1, 10, 11, 5),
(1272, 2, 1, 10, 12, 5),
(1273, 2, 1, 10, 13, 5),
(1274, 2, 1, 10, 14, 5),
(1275, 2, 1, 10, 15, 5),
(1276, 2, 1, 11, 1, 5),
(1277, 2, 1, 11, 2, 5),
(1278, 2, 1, 11, 3, 5),
(1279, 2, 1, 11, 4, 5),
(1280, 2, 1, 11, 5, 5),
(1281, 2, 1, 11, 6, 5),
(1282, 2, 1, 11, 7, 5),
(1283, 2, 1, 11, 8, 5),
(1284, 2, 1, 11, 9, 5),
(1285, 2, 1, 11, 10, 5),
(1286, 2, 1, 11, 11, 5),
(1287, 2, 1, 11, 12, 5),
(1288, 2, 1, 11, 13, 5),
(1289, 2, 1, 11, 14, 5),
(1290, 2, 1, 11, 15, 5),
(1291, 2, 1, 12, 1, 1),
(1292, 2, 1, 12, 2, 1),
(1293, 2, 1, 12, 3, 5),
(1294, 2, 1, 12, 4, 1),
(1295, 2, 1, 12, 5, 1),
(1296, 2, 1, 12, 6, 1),
(1297, 2, 1, 12, 7, 1),
(1298, 2, 1, 12, 8, 1),
(1299, 2, 1, 12, 9, 1),
(1300, 2, 1, 12, 10, 1),
(1301, 2, 1, 12, 11, 1),
(1302, 2, 1, 12, 12, 1),
(1303, 2, 1, 12, 13, 5),
(1304, 2, 1, 12, 14, 1),
(1305, 2, 1, 12, 15, 1),
(1306, 2, 1, 13, 1, 1),
(1307, 2, 1, 13, 2, 1),
(1308, 2, 1, 13, 3, 5),
(1309, 2, 1, 13, 4, 1),
(1310, 2, 1, 13, 5, 1),
(1311, 2, 1, 13, 6, 1),
(1312, 2, 1, 13, 7, 1),
(1313, 2, 1, 13, 8, 1),
(1314, 2, 1, 13, 9, 1),
(1315, 2, 1, 13, 10, 1),
(1316, 2, 1, 13, 11, 1),
(1317, 2, 1, 13, 12, 1),
(1318, 2, 1, 13, 13, 5),
(1319, 2, 1, 13, 14, 1),
(1320, 2, 1, 13, 15, 1),
(1321, 2, 1, 14, 1, 5),
(1322, 2, 1, 14, 2, 5),
(1323, 2, 1, 14, 3, 5),
(1324, 2, 1, 14, 4, 5),
(1325, 2, 1, 14, 5, 5),
(1326, 2, 1, 14, 6, 5),
(1327, 2, 1, 14, 7, 5),
(1328, 2, 1, 14, 8, 5),
(1329, 2, 1, 14, 9, 5),
(1330, 2, 1, 14, 10, 5),
(1331, 2, 1, 14, 11, 5),
(1332, 2, 1, 14, 12, 5),
(1333, 2, 1, 14, 13, 5),
(1334, 2, 1, 14, 14, 5),
(1335, 2, 1, 14, 15, 5),
(1336, 2, 1, 15, 1, 5),
(1337, 2, 1, 15, 2, 5),
(1338, 2, 1, 15, 3, 5),
(1339, 2, 1, 15, 4, 5),
(1340, 2, 1, 15, 5, 5),
(1341, 2, 1, 15, 6, 5),
(1342, 2, 1, 15, 7, 5),
(1343, 2, 1, 15, 8, 5),
(1344, 2, 1, 15, 9, 5),
(1345, 2, 1, 15, 10, 5),
(1346, 2, 1, 15, 11, 5),
(1347, 2, 1, 15, 12, 5),
(1348, 2, 1, 15, 13, 5),
(1349, 2, 1, 15, 14, 5),
(1350, 2, 1, 15, 15, 5),
(1351, 2, 2, 1, 1, 1),
(1352, 2, 2, 1, 2, 1),
(1353, 2, 2, 1, 3, 1),
(1354, 2, 2, 1, 4, 1),
(1355, 2, 2, 1, 5, 1),
(1356, 2, 2, 1, 6, 1),
(1357, 2, 2, 1, 7, 1),
(1358, 2, 2, 1, 8, 1),
(1359, 2, 2, 1, 9, 1),
(1360, 2, 2, 1, 10, 1),
(1361, 2, 2, 1, 11, 1),
(1362, 2, 2, 1, 12, 1),
(1363, 2, 2, 1, 13, 1),
(1364, 2, 2, 1, 14, 1),
(1365, 2, 2, 1, 15, 1),
(1366, 2, 2, 2, 1, 5),
(1367, 2, 2, 2, 2, 5),
(1368, 2, 2, 2, 3, 5),
(1369, 2, 2, 2, 4, 5),
(1370, 2, 2, 2, 5, 5),
(1371, 2, 2, 2, 6, 5),
(1372, 2, 2, 2, 7, 5),
(1373, 2, 2, 2, 8, 5),
(1374, 2, 2, 2, 9, 5),
(1375, 2, 2, 2, 10, 5),
(1376, 2, 2, 2, 11, 5),
(1377, 2, 2, 2, 12, 5),
(1378, 2, 2, 2, 13, 5),
(1379, 2, 2, 2, 14, 5),
(1380, 2, 2, 2, 15, 5),
(1381, 2, 2, 3, 1, 5),
(1382, 2, 2, 3, 2, 5),
(1383, 2, 2, 3, 3, 5),
(1384, 2, 2, 3, 4, 5),
(1385, 2, 2, 3, 5, 5),
(1386, 2, 2, 3, 6, 5),
(1387, 2, 2, 3, 7, 5),
(1388, 2, 2, 3, 8, 5),
(1389, 2, 2, 3, 9, 5),
(1390, 2, 2, 3, 10, 5),
(1391, 2, 2, 3, 11, 5),
(1392, 2, 2, 3, 12, 5),
(1393, 2, 2, 3, 13, 5),
(1394, 2, 2, 3, 14, 5),
(1395, 2, 2, 3, 15, 5),
(1396, 2, 2, 4, 1, 1),
(1397, 2, 2, 4, 2, 1),
(1398, 2, 2, 4, 3, 5),
(1399, 2, 2, 4, 4, 1),
(1400, 2, 2, 4, 5, 1),
(1401, 2, 2, 4, 6, 1),
(1402, 2, 2, 4, 7, 1),
(1403, 2, 2, 4, 8, 1),
(1404, 2, 2, 4, 9, 1),
(1405, 2, 2, 4, 10, 1),
(1406, 2, 2, 4, 11, 1),
(1407, 2, 2, 4, 12, 1),
(1408, 2, 2, 4, 13, 1),
(1409, 2, 2, 4, 14, 1),
(1410, 2, 2, 4, 15, 5),
(1411, 2, 2, 5, 1, 1),
(1412, 2, 2, 5, 2, 1),
(1413, 2, 2, 5, 3, 5),
(1414, 2, 2, 5, 4, 1),
(1415, 2, 2, 5, 5, 1),
(1416, 2, 2, 5, 6, 1),
(1417, 2, 2, 5, 7, 1),
(1418, 2, 2, 5, 8, 1),
(1419, 2, 2, 5, 9, 1),
(1420, 2, 2, 5, 10, 1),
(1421, 2, 2, 5, 11, 1),
(1422, 2, 2, 5, 12, 1),
(1423, 2, 2, 5, 13, 1),
(1424, 2, 2, 5, 14, 1),
(1425, 2, 2, 5, 15, 5),
(1426, 2, 2, 6, 1, 5),
(1427, 2, 2, 6, 2, 5),
(1428, 2, 2, 6, 3, 5),
(1429, 2, 2, 6, 4, 5),
(1430, 2, 2, 6, 5, 5),
(1431, 2, 2, 6, 6, 5),
(1432, 2, 2, 6, 7, 5),
(1433, 2, 2, 6, 8, 5),
(1434, 2, 2, 6, 9, 5),
(1435, 2, 2, 6, 10, 5),
(1436, 2, 2, 6, 11, 5),
(1437, 2, 2, 6, 12, 5),
(1438, 2, 2, 6, 13, 5),
(1439, 2, 2, 6, 14, 5),
(1440, 2, 2, 6, 15, 5),
(1441, 2, 2, 7, 1, 5),
(1442, 2, 2, 7, 2, 5),
(1443, 2, 2, 7, 3, 5),
(1444, 2, 2, 7, 4, 5),
(1445, 2, 2, 7, 5, 5),
(1446, 2, 2, 7, 6, 5),
(1447, 2, 2, 7, 7, 5),
(1448, 2, 2, 7, 8, 5),
(1449, 2, 2, 7, 9, 5),
(1450, 2, 2, 7, 10, 5),
(1451, 2, 2, 7, 11, 5),
(1452, 2, 2, 7, 12, 5),
(1453, 2, 2, 7, 13, 5),
(1454, 2, 2, 7, 14, 5),
(1455, 2, 2, 7, 15, 5),
(1456, 2, 2, 8, 1, 1),
(1457, 2, 2, 8, 2, 1),
(1458, 2, 2, 8, 3, 5),
(1459, 2, 2, 8, 4, 1),
(1460, 2, 2, 8, 5, 1),
(1461, 2, 2, 8, 6, 1),
(1462, 2, 2, 8, 7, 1),
(1463, 2, 2, 8, 8, 1),
(1464, 2, 2, 8, 9, 1),
(1465, 2, 2, 8, 10, 1),
(1466, 2, 2, 8, 11, 1),
(1467, 2, 2, 8, 12, 1),
(1468, 2, 2, 8, 13, 1),
(1469, 2, 2, 8, 14, 1),
(1470, 2, 2, 8, 15, 5),
(1471, 2, 2, 9, 1, 1),
(1472, 2, 2, 9, 2, 1),
(1473, 2, 2, 9, 3, 5),
(1474, 2, 2, 9, 4, 1),
(1475, 2, 2, 9, 5, 1),
(1476, 2, 2, 9, 6, 1),
(1477, 2, 2, 9, 7, 1),
(1478, 2, 2, 9, 8, 1),
(1479, 2, 2, 9, 9, 1),
(1480, 2, 2, 9, 10, 1),
(1481, 2, 2, 9, 11, 1),
(1482, 2, 2, 9, 12, 1),
(1483, 2, 2, 9, 13, 1),
(1484, 2, 2, 9, 14, 1),
(1485, 2, 2, 9, 15, 5),
(1486, 2, 2, 10, 1, 5),
(1487, 2, 2, 10, 2, 5),
(1488, 2, 2, 10, 3, 5),
(1489, 2, 2, 10, 4, 5),
(1490, 2, 2, 10, 5, 5),
(1491, 2, 2, 10, 6, 5),
(1492, 2, 2, 10, 7, 5),
(1493, 2, 2, 10, 8, 5),
(1494, 2, 2, 10, 9, 5),
(1495, 2, 2, 10, 10, 5),
(1496, 2, 2, 10, 11, 5),
(1497, 2, 2, 10, 12, 5),
(1498, 2, 2, 10, 13, 5),
(1499, 2, 2, 10, 14, 5),
(1500, 2, 2, 10, 15, 5),
(1501, 2, 2, 11, 1, 5),
(1502, 2, 2, 11, 2, 5),
(1503, 2, 2, 11, 3, 5),
(1504, 2, 2, 11, 4, 5),
(1505, 2, 2, 11, 5, 5),
(1506, 2, 2, 11, 6, 5),
(1507, 2, 2, 11, 7, 5),
(1508, 2, 2, 11, 8, 5),
(1509, 2, 2, 11, 9, 5),
(1510, 2, 2, 11, 10, 5),
(1511, 2, 2, 11, 11, 5),
(1512, 2, 2, 11, 12, 5),
(1513, 2, 2, 11, 13, 5),
(1514, 2, 2, 11, 14, 5),
(1515, 2, 2, 11, 15, 5),
(1516, 2, 2, 12, 1, 1),
(1517, 2, 2, 12, 2, 1),
(1518, 2, 2, 12, 3, 5),
(1519, 2, 2, 12, 4, 1),
(1520, 2, 2, 12, 5, 1),
(1521, 2, 2, 12, 6, 1),
(1522, 2, 2, 12, 7, 1),
(1523, 2, 2, 12, 8, 1),
(1524, 2, 2, 12, 9, 1),
(1525, 2, 2, 12, 10, 1),
(1526, 2, 2, 12, 11, 1),
(1527, 2, 2, 12, 12, 1),
(1528, 2, 2, 12, 13, 1),
(1529, 2, 2, 12, 14, 1),
(1530, 2, 2, 12, 15, 5),
(1531, 2, 2, 13, 1, 1),
(1532, 2, 2, 13, 2, 1),
(1533, 2, 2, 13, 3, 5),
(1534, 2, 2, 13, 4, 1),
(1535, 2, 2, 13, 5, 1),
(1536, 2, 2, 13, 6, 1),
(1537, 2, 2, 13, 7, 1),
(1538, 2, 2, 13, 8, 1),
(1539, 2, 2, 13, 9, 1),
(1540, 2, 2, 13, 10, 1),
(1541, 2, 2, 13, 11, 1),
(1542, 2, 2, 13, 12, 1),
(1543, 2, 2, 13, 13, 1),
(1544, 2, 2, 13, 14, 1),
(1545, 2, 2, 13, 15, 5),
(1546, 2, 2, 14, 1, 5),
(1547, 2, 2, 14, 2, 5),
(1548, 2, 2, 14, 3, 5),
(1549, 2, 2, 14, 4, 5),
(1550, 2, 2, 14, 5, 5),
(1551, 2, 2, 14, 6, 5),
(1552, 2, 2, 14, 7, 5),
(1553, 2, 2, 14, 8, 5),
(1554, 2, 2, 14, 9, 5),
(1555, 2, 2, 14, 10, 5),
(1556, 2, 2, 14, 11, 5),
(1557, 2, 2, 14, 12, 5),
(1558, 2, 2, 14, 13, 5),
(1559, 2, 2, 14, 14, 5),
(1560, 2, 2, 14, 15, 5),
(1561, 2, 2, 15, 1, 5),
(1562, 2, 2, 15, 2, 5),
(1563, 2, 2, 15, 3, 5),
(1564, 2, 2, 15, 4, 5),
(1565, 2, 2, 15, 5, 5),
(1566, 2, 2, 15, 6, 5),
(1567, 2, 2, 15, 7, 5),
(1568, 2, 2, 15, 8, 5),
(1569, 2, 2, 15, 9, 5),
(1570, 2, 2, 15, 10, 5),
(1571, 2, 2, 15, 11, 5),
(1572, 2, 2, 15, 12, 5),
(1573, 2, 2, 15, 13, 5),
(1574, 2, 2, 15, 14, 5),
(1575, 2, 2, 15, 15, 5),
(1576, 2, 3, 1, 1, 1),
(1577, 2, 3, 1, 2, 1),
(1578, 2, 3, 1, 3, 1),
(1579, 2, 3, 1, 4, 1),
(1580, 2, 3, 1, 5, 1),
(1581, 2, 3, 1, 6, 1),
(1582, 2, 3, 1, 7, 1),
(1583, 2, 3, 1, 8, 1),
(1584, 2, 3, 1, 9, 1),
(1585, 2, 3, 1, 10, 1),
(1586, 2, 3, 1, 11, 1),
(1587, 2, 3, 1, 12, 1),
(1588, 2, 3, 1, 13, 1),
(1589, 2, 3, 1, 14, 1),
(1590, 2, 3, 1, 15, 1),
(1591, 2, 3, 2, 1, 5),
(1592, 2, 3, 2, 2, 5),
(1593, 2, 3, 2, 3, 5),
(1594, 2, 3, 2, 4, 5),
(1595, 2, 3, 2, 5, 5),
(1596, 2, 3, 2, 6, 5),
(1597, 2, 3, 2, 7, 5),
(1598, 2, 3, 2, 8, 5),
(1599, 2, 3, 2, 9, 5),
(1600, 2, 3, 2, 10, 5),
(1601, 2, 3, 2, 11, 5),
(1602, 2, 3, 2, 12, 5),
(1603, 2, 3, 2, 13, 5),
(1604, 2, 3, 2, 14, 5),
(1605, 2, 3, 2, 15, 5),
(1606, 2, 3, 3, 1, 5),
(1607, 2, 3, 3, 2, 5),
(1608, 2, 3, 3, 3, 5),
(1609, 2, 3, 3, 4, 5),
(1610, 2, 3, 3, 5, 5),
(1611, 2, 3, 3, 6, 5),
(1612, 2, 3, 3, 7, 5),
(1613, 2, 3, 3, 8, 5),
(1614, 2, 3, 3, 9, 5),
(1615, 2, 3, 3, 10, 5),
(1616, 2, 3, 3, 11, 5),
(1617, 2, 3, 3, 12, 5),
(1618, 2, 3, 3, 13, 5),
(1619, 2, 3, 3, 14, 5),
(1620, 2, 3, 3, 15, 5),
(1621, 2, 3, 4, 1, 1),
(1622, 2, 3, 4, 2, 5),
(1623, 2, 3, 4, 3, 1),
(1624, 2, 3, 4, 4, 1),
(1625, 2, 3, 4, 5, 1),
(1626, 2, 3, 4, 6, 1),
(1627, 2, 3, 4, 7, 1),
(1628, 2, 3, 4, 8, 1),
(1629, 2, 3, 4, 9, 1),
(1630, 2, 3, 4, 10, 1),
(1631, 2, 3, 4, 11, 1),
(1632, 2, 3, 4, 12, 1),
(1633, 2, 3, 4, 13, 1),
(1634, 2, 3, 4, 14, 5),
(1635, 2, 3, 4, 15, 1),
(1636, 2, 3, 5, 1, 1),
(1637, 2, 3, 5, 2, 5),
(1638, 2, 3, 5, 3, 1),
(1639, 2, 3, 5, 4, 1),
(1640, 2, 3, 5, 5, 1),
(1641, 2, 3, 5, 6, 1),
(1642, 2, 3, 5, 7, 1),
(1643, 2, 3, 5, 8, 1),
(1644, 2, 3, 5, 9, 1),
(1645, 2, 3, 5, 10, 1),
(1646, 2, 3, 5, 11, 1),
(1647, 2, 3, 5, 12, 1),
(1648, 2, 3, 5, 13, 1),
(1649, 2, 3, 5, 14, 5),
(1650, 2, 3, 5, 15, 1),
(1651, 2, 3, 6, 1, 5),
(1652, 2, 3, 6, 2, 5),
(1653, 2, 3, 6, 3, 5),
(1654, 2, 3, 6, 4, 5),
(1655, 2, 3, 6, 5, 5),
(1656, 2, 3, 6, 6, 5),
(1657, 2, 3, 6, 7, 5),
(1658, 2, 3, 6, 8, 5),
(1659, 2, 3, 6, 9, 5),
(1660, 2, 3, 6, 10, 5),
(1661, 2, 3, 6, 11, 5),
(1662, 2, 3, 6, 12, 5),
(1663, 2, 3, 6, 13, 5),
(1664, 2, 3, 6, 14, 5),
(1665, 2, 3, 6, 15, 5),
(1666, 2, 3, 7, 1, 5),
(1667, 2, 3, 7, 2, 5),
(1668, 2, 3, 7, 3, 5),
(1669, 2, 3, 7, 4, 5),
(1670, 2, 3, 7, 5, 5),
(1671, 2, 3, 7, 6, 5),
(1672, 2, 3, 7, 7, 5),
(1673, 2, 3, 7, 8, 5),
(1674, 2, 3, 7, 9, 5),
(1675, 2, 3, 7, 10, 5),
(1676, 2, 3, 7, 11, 5),
(1677, 2, 3, 7, 12, 5),
(1678, 2, 3, 7, 13, 5),
(1679, 2, 3, 7, 14, 5),
(1680, 2, 3, 7, 15, 5),
(1681, 2, 3, 8, 1, 1),
(1682, 2, 3, 8, 2, 5),
(1683, 2, 3, 8, 3, 1),
(1684, 2, 3, 8, 4, 1),
(1685, 2, 3, 8, 5, 1),
(1686, 2, 3, 8, 6, 1),
(1687, 2, 3, 8, 7, 1),
(1688, 2, 3, 8, 8, 1),
(1689, 2, 3, 8, 9, 1),
(1690, 2, 3, 8, 10, 1),
(1691, 2, 3, 8, 11, 1),
(1692, 2, 3, 8, 12, 1),
(1693, 2, 3, 8, 13, 1),
(1694, 2, 3, 8, 14, 5),
(1695, 2, 3, 8, 15, 1),
(1696, 2, 3, 9, 1, 1),
(1697, 2, 3, 9, 2, 5),
(1698, 2, 3, 9, 3, 1),
(1699, 2, 3, 9, 4, 1),
(1700, 2, 3, 9, 5, 1),
(1701, 2, 3, 9, 6, 1),
(1702, 2, 3, 9, 7, 1),
(1703, 2, 3, 9, 8, 1),
(1704, 2, 3, 9, 9, 1),
(1705, 2, 3, 9, 10, 1),
(1706, 2, 3, 9, 11, 1),
(1707, 2, 3, 9, 12, 1),
(1708, 2, 3, 9, 13, 1),
(1709, 2, 3, 9, 14, 5),
(1710, 2, 3, 9, 15, 1),
(1711, 2, 3, 10, 1, 5),
(1712, 2, 3, 10, 2, 5),
(1713, 2, 3, 10, 3, 5),
(1714, 2, 3, 10, 4, 5),
(1715, 2, 3, 10, 5, 5),
(1716, 2, 3, 10, 6, 5),
(1717, 2, 3, 10, 7, 5),
(1718, 2, 3, 10, 8, 5),
(1719, 2, 3, 10, 9, 5),
(1720, 2, 3, 10, 10, 5),
(1721, 2, 3, 10, 11, 5),
(1722, 2, 3, 10, 12, 5),
(1723, 2, 3, 10, 13, 5),
(1724, 2, 3, 10, 14, 5),
(1725, 2, 3, 10, 15, 5),
(1726, 2, 3, 11, 1, 5),
(1727, 2, 3, 11, 2, 5),
(1728, 2, 3, 11, 3, 5),
(1729, 2, 3, 11, 4, 5),
(1730, 2, 3, 11, 5, 5),
(1731, 2, 3, 11, 6, 5),
(1732, 2, 3, 11, 7, 5),
(1733, 2, 3, 11, 8, 5),
(1734, 2, 3, 11, 9, 5),
(1735, 2, 3, 11, 10, 5),
(1736, 2, 3, 11, 11, 5),
(1737, 2, 3, 11, 12, 5),
(1738, 2, 3, 11, 13, 5),
(1739, 2, 3, 11, 14, 5),
(1740, 2, 3, 11, 15, 5),
(1741, 2, 3, 12, 1, 1),
(1742, 2, 3, 12, 2, 5),
(1743, 2, 3, 12, 3, 1),
(1744, 2, 3, 12, 4, 1),
(1745, 2, 3, 12, 5, 1),
(1746, 2, 3, 12, 6, 1),
(1747, 2, 3, 12, 7, 1),
(1748, 2, 3, 12, 8, 1),
(1749, 2, 3, 12, 9, 1),
(1750, 2, 3, 12, 10, 1),
(1751, 2, 3, 12, 11, 1),
(1752, 2, 3, 12, 12, 1),
(1753, 2, 3, 12, 13, 1),
(1754, 2, 3, 12, 14, 5),
(1755, 2, 3, 12, 15, 1),
(1756, 2, 3, 13, 1, 5),
(1757, 2, 3, 13, 2, 5),
(1758, 2, 3, 13, 3, 5),
(1759, 2, 3, 13, 4, 5),
(1760, 2, 3, 13, 5, 5),
(1761, 2, 3, 13, 6, 5),
(1762, 2, 3, 13, 7, 5),
(1763, 2, 3, 13, 8, 5),
(1764, 2, 3, 13, 9, 5),
(1765, 2, 3, 13, 10, 5),
(1766, 2, 3, 13, 11, 5),
(1767, 2, 3, 13, 12, 5),
(1768, 2, 3, 13, 13, 5),
(1769, 2, 3, 13, 14, 5),
(1770, 2, 3, 13, 15, 5),
(1771, 2, 3, 14, 1, 5),
(1772, 2, 3, 14, 2, 5),
(1773, 2, 3, 14, 3, 5),
(1774, 2, 3, 14, 4, 5),
(1775, 2, 3, 14, 5, 5),
(1776, 2, 3, 14, 6, 5),
(1777, 2, 3, 14, 7, 5),
(1778, 2, 3, 14, 8, 5),
(1779, 2, 3, 14, 9, 5),
(1780, 2, 3, 14, 10, 5),
(1781, 2, 3, 14, 11, 5),
(1782, 2, 3, 14, 12, 5),
(1783, 2, 3, 14, 13, 5),
(1784, 2, 3, 14, 14, 5),
(1785, 2, 3, 14, 15, 5),
(1786, 2, 3, 15, 1, 1),
(1787, 2, 3, 15, 2, 1),
(1788, 2, 3, 15, 3, 1),
(1789, 2, 3, 15, 4, 1),
(1790, 2, 3, 15, 5, 1),
(1791, 2, 3, 15, 6, 1),
(1792, 2, 3, 15, 7, 1),
(1793, 2, 3, 15, 8, 1),
(1794, 2, 3, 15, 9, 1),
(1795, 2, 3, 15, 10, 1),
(1796, 2, 3, 15, 11, 1),
(1797, 2, 3, 15, 12, 1),
(1798, 2, 3, 15, 13, 1),
(1799, 2, 3, 15, 14, 1),
(1800, 2, 3, 15, 15, 1),
(1801, 2, 4, 1, 1, 1),
(1802, 2, 4, 1, 2, 1),
(1803, 2, 4, 1, 3, 1),
(1804, 2, 4, 1, 4, 1),
(1805, 2, 4, 1, 5, 1),
(1806, 2, 4, 1, 6, 1),
(1807, 2, 4, 1, 7, 1),
(1808, 2, 4, 1, 8, 1),
(1809, 2, 4, 1, 9, 1),
(1810, 2, 4, 1, 10, 1),
(1811, 2, 4, 1, 11, 1),
(1812, 2, 4, 1, 12, 1),
(1813, 2, 4, 1, 13, 1),
(1814, 2, 4, 1, 14, 1),
(1815, 2, 4, 1, 15, 1),
(1816, 2, 4, 2, 1, 5),
(1817, 2, 4, 2, 2, 5),
(1818, 2, 4, 2, 3, 5),
(1819, 2, 4, 2, 4, 5),
(1820, 2, 4, 2, 5, 5),
(1821, 2, 4, 2, 6, 5),
(1822, 2, 4, 2, 7, 5),
(1823, 2, 4, 2, 8, 5),
(1824, 2, 4, 2, 9, 5),
(1825, 2, 4, 2, 10, 5),
(1826, 2, 4, 2, 11, 5),
(1827, 2, 4, 2, 12, 5),
(1828, 2, 4, 2, 13, 5),
(1829, 2, 4, 2, 14, 5),
(1830, 2, 4, 2, 15, 5),
(1831, 2, 4, 3, 1, 5),
(1832, 2, 4, 3, 2, 5),
(1833, 2, 4, 3, 3, 5),
(1834, 2, 4, 3, 4, 5),
(1835, 2, 4, 3, 5, 5),
(1836, 2, 4, 3, 6, 5),
(1837, 2, 4, 3, 7, 5),
(1838, 2, 4, 3, 8, 5),
(1839, 2, 4, 3, 9, 5),
(1840, 2, 4, 3, 10, 5),
(1841, 2, 4, 3, 11, 5),
(1842, 2, 4, 3, 12, 5),
(1843, 2, 4, 3, 13, 5),
(1844, 2, 4, 3, 14, 5),
(1845, 2, 4, 3, 15, 5),
(1846, 2, 4, 4, 1, 1),
(1847, 2, 4, 4, 2, 5),
(1848, 2, 4, 4, 3, 1),
(1849, 2, 4, 4, 4, 1),
(1850, 2, 4, 4, 5, 1),
(1851, 2, 4, 4, 6, 1),
(1852, 2, 4, 4, 7, 1),
(1853, 2, 4, 4, 8, 1),
(1854, 2, 4, 4, 9, 1),
(1855, 2, 4, 4, 10, 1),
(1856, 2, 4, 4, 11, 1),
(1857, 2, 4, 4, 12, 1),
(1858, 2, 4, 4, 13, 1),
(1859, 2, 4, 4, 14, 1),
(1860, 2, 4, 4, 15, 5),
(1861, 2, 4, 5, 1, 1),
(1862, 2, 4, 5, 2, 5),
(1863, 2, 4, 5, 3, 1),
(1864, 2, 4, 5, 4, 1),
(1865, 2, 4, 5, 5, 1),
(1866, 2, 4, 5, 6, 1),
(1867, 2, 4, 5, 7, 1),
(1868, 2, 4, 5, 8, 1),
(1869, 2, 4, 5, 9, 1),
(1870, 2, 4, 5, 10, 1),
(1871, 2, 4, 5, 11, 1),
(1872, 2, 4, 5, 12, 1),
(1873, 2, 4, 5, 13, 1),
(1874, 2, 4, 5, 14, 1),
(1875, 2, 4, 5, 15, 5),
(1876, 2, 4, 6, 1, 5),
(1877, 2, 4, 6, 2, 5),
(1878, 2, 4, 6, 3, 5),
(1879, 2, 4, 6, 4, 5),
(1880, 2, 4, 6, 5, 5),
(1881, 2, 4, 6, 6, 5),
(1882, 2, 4, 6, 7, 5),
(1883, 2, 4, 6, 8, 5),
(1884, 2, 4, 6, 9, 5),
(1885, 2, 4, 6, 10, 5),
(1886, 2, 4, 6, 11, 5),
(1887, 2, 4, 6, 12, 5),
(1888, 2, 4, 6, 13, 5),
(1889, 2, 4, 6, 14, 5),
(1890, 2, 4, 6, 15, 5),
(1891, 2, 4, 7, 1, 5),
(1892, 2, 4, 7, 2, 5),
(1893, 2, 4, 7, 3, 5),
(1894, 2, 4, 7, 4, 5),
(1895, 2, 4, 7, 5, 5),
(1896, 2, 4, 7, 6, 5),
(1897, 2, 4, 7, 7, 5),
(1898, 2, 4, 7, 8, 5),
(1899, 2, 4, 7, 9, 5),
(1900, 2, 4, 7, 10, 5),
(1901, 2, 4, 7, 11, 5),
(1902, 2, 4, 7, 12, 5),
(1903, 2, 4, 7, 13, 5),
(1904, 2, 4, 7, 14, 5),
(1905, 2, 4, 7, 15, 5),
(1906, 2, 4, 8, 1, 1),
(1907, 2, 4, 8, 2, 5),
(1908, 2, 4, 8, 3, 1),
(1909, 2, 4, 8, 4, 1),
(1910, 2, 4, 8, 5, 1),
(1911, 2, 4, 8, 6, 1),
(1912, 2, 4, 8, 7, 1),
(1913, 2, 4, 8, 8, 1),
(1914, 2, 4, 8, 9, 1),
(1915, 2, 4, 8, 10, 1),
(1916, 2, 4, 8, 11, 1),
(1917, 2, 4, 8, 12, 1),
(1918, 2, 4, 8, 13, 1),
(1919, 2, 4, 8, 14, 1),
(1920, 2, 4, 8, 15, 5),
(1921, 2, 4, 9, 1, 1),
(1922, 2, 4, 9, 2, 5),
(1923, 2, 4, 9, 3, 1),
(1924, 2, 4, 9, 4, 1),
(1925, 2, 4, 9, 5, 1),
(1926, 2, 4, 9, 6, 1),
(1927, 2, 4, 9, 7, 1),
(1928, 2, 4, 9, 8, 1),
(1929, 2, 4, 9, 9, 1),
(1930, 2, 4, 9, 10, 1),
(1931, 2, 4, 9, 11, 1),
(1932, 2, 4, 9, 12, 1),
(1933, 2, 4, 9, 13, 1),
(1934, 2, 4, 9, 14, 1),
(1935, 2, 4, 9, 15, 5),
(1936, 2, 4, 10, 1, 5),
(1937, 2, 4, 10, 2, 5),
(1938, 2, 4, 10, 3, 5),
(1939, 2, 4, 10, 4, 5),
(1940, 2, 4, 10, 5, 5),
(1941, 2, 4, 10, 6, 5),
(1942, 2, 4, 10, 7, 5),
(1943, 2, 4, 10, 8, 5),
(1944, 2, 4, 10, 9, 5),
(1945, 2, 4, 10, 10, 5),
(1946, 2, 4, 10, 11, 5),
(1947, 2, 4, 10, 12, 5),
(1948, 2, 4, 10, 13, 5),
(1949, 2, 4, 10, 14, 5),
(1950, 2, 4, 10, 15, 5),
(1951, 2, 4, 11, 1, 5),
(1952, 2, 4, 11, 2, 5),
(1953, 2, 4, 11, 3, 5),
(1954, 2, 4, 11, 4, 5),
(1955, 2, 4, 11, 5, 5),
(1956, 2, 4, 11, 6, 5),
(1957, 2, 4, 11, 7, 5),
(1958, 2, 4, 11, 8, 5),
(1959, 2, 4, 11, 9, 5),
(1960, 2, 4, 11, 10, 5),
(1961, 2, 4, 11, 11, 5),
(1962, 2, 4, 11, 12, 5),
(1963, 2, 4, 11, 13, 5),
(1964, 2, 4, 11, 14, 5),
(1965, 2, 4, 11, 15, 5),
(1966, 2, 4, 12, 1, 1),
(1967, 2, 4, 12, 2, 5),
(1968, 2, 4, 12, 3, 1),
(1969, 2, 4, 12, 4, 1),
(1970, 2, 4, 12, 5, 1),
(1971, 2, 4, 12, 6, 1),
(1972, 2, 4, 12, 7, 1),
(1973, 2, 4, 12, 8, 1),
(1974, 2, 4, 12, 9, 1),
(1975, 2, 4, 12, 10, 1),
(1976, 2, 4, 12, 11, 1),
(1977, 2, 4, 12, 12, 1),
(1978, 2, 4, 12, 13, 1),
(1979, 2, 4, 12, 14, 1),
(1980, 2, 4, 12, 15, 5),
(1981, 2, 4, 13, 1, 1),
(1982, 2, 4, 13, 2, 5),
(1983, 2, 4, 13, 3, 1),
(1984, 2, 4, 13, 4, 1),
(1985, 2, 4, 13, 5, 1),
(1986, 2, 4, 13, 6, 1),
(1987, 2, 4, 13, 7, 1),
(1988, 2, 4, 13, 8, 1),
(1989, 2, 4, 13, 9, 1),
(1990, 2, 4, 13, 10, 1),
(1991, 2, 4, 13, 11, 1),
(1992, 2, 4, 13, 12, 1),
(1993, 2, 4, 13, 13, 1),
(1994, 2, 4, 13, 14, 1),
(1995, 2, 4, 13, 15, 5),
(1996, 2, 4, 14, 1, 5),
(1997, 2, 4, 14, 2, 5),
(1998, 2, 4, 14, 3, 5),
(1999, 2, 4, 14, 4, 5),
(2000, 2, 4, 14, 5, 5),
(2001, 2, 4, 14, 6, 5),
(2002, 2, 4, 14, 7, 5),
(2003, 2, 4, 14, 8, 5),
(2004, 2, 4, 14, 9, 5),
(2005, 2, 4, 14, 10, 5),
(2006, 2, 4, 14, 11, 5),
(2007, 2, 4, 14, 12, 5),
(2008, 2, 4, 14, 13, 5),
(2009, 2, 4, 14, 14, 5),
(2010, 2, 4, 14, 15, 5),
(2011, 2, 4, 15, 1, 5),
(2012, 2, 4, 15, 2, 5),
(2013, 2, 4, 15, 3, 5),
(2014, 2, 4, 15, 4, 5),
(2015, 2, 4, 15, 5, 5),
(2016, 2, 4, 15, 6, 5),
(2017, 2, 4, 15, 7, 5),
(2018, 2, 4, 15, 8, 5),
(2019, 2, 4, 15, 9, 5),
(2020, 2, 4, 15, 10, 5),
(2021, 2, 4, 15, 11, 5),
(2022, 2, 4, 15, 12, 5),
(2023, 2, 4, 15, 13, 5),
(2024, 2, 4, 15, 14, 5),
(2025, 2, 4, 15, 15, 5),
(2026, 2, 5, 1, 1, 1),
(2027, 2, 5, 1, 2, 1),
(2028, 2, 5, 1, 3, 1),
(2029, 2, 5, 1, 4, 1),
(2030, 2, 5, 1, 5, 1),
(2031, 2, 5, 1, 6, 1),
(2032, 2, 5, 1, 7, 1),
(2033, 2, 5, 1, 8, 1),
(2034, 2, 5, 1, 9, 1),
(2035, 2, 5, 1, 10, 1),
(2036, 2, 5, 1, 11, 1),
(2037, 2, 5, 1, 12, 1),
(2038, 2, 5, 1, 13, 1),
(2039, 2, 5, 1, 14, 1),
(2040, 2, 5, 1, 15, 1),
(2041, 2, 5, 2, 1, 5),
(2042, 2, 5, 2, 2, 5),
(2043, 2, 5, 2, 3, 5),
(2044, 2, 5, 2, 4, 5),
(2045, 2, 5, 2, 5, 5),
(2046, 2, 5, 2, 6, 5),
(2047, 2, 5, 2, 7, 5),
(2048, 2, 5, 2, 8, 5),
(2049, 2, 5, 2, 9, 5),
(2050, 2, 5, 2, 10, 5),
(2051, 2, 5, 2, 11, 5),
(2052, 2, 5, 2, 12, 5),
(2053, 2, 5, 2, 13, 5),
(2054, 2, 5, 2, 14, 5),
(2055, 2, 5, 2, 15, 5),
(2056, 2, 5, 3, 1, 5),
(2057, 2, 5, 3, 2, 5),
(2058, 2, 5, 3, 3, 5),
(2059, 2, 5, 3, 4, 5),
(2060, 2, 5, 3, 5, 5),
(2061, 2, 5, 3, 6, 5),
(2062, 2, 5, 3, 7, 5),
(2063, 2, 5, 3, 8, 5),
(2064, 2, 5, 3, 9, 5),
(2065, 2, 5, 3, 10, 5),
(2066, 2, 5, 3, 11, 5),
(2067, 2, 5, 3, 12, 5),
(2068, 2, 5, 3, 13, 5),
(2069, 2, 5, 3, 14, 5),
(2070, 2, 5, 3, 15, 5),
(2071, 2, 5, 4, 1, 1),
(2072, 2, 5, 4, 2, 1),
(2073, 2, 5, 4, 3, 5),
(2074, 2, 5, 4, 4, 1),
(2075, 2, 5, 4, 5, 1),
(2076, 2, 5, 4, 6, 1),
(2077, 2, 5, 4, 7, 1),
(2078, 2, 5, 4, 8, 1),
(2079, 2, 5, 4, 9, 1),
(2080, 2, 5, 4, 10, 1),
(2081, 2, 5, 4, 11, 1),
(2082, 2, 5, 4, 12, 1),
(2083, 2, 5, 4, 13, 5),
(2084, 2, 5, 4, 14, 1),
(2085, 2, 5, 4, 15, 1),
(2086, 2, 5, 5, 1, 1),
(2087, 2, 5, 5, 2, 1),
(2088, 2, 5, 5, 3, 5),
(2089, 2, 5, 5, 4, 1),
(2090, 2, 5, 5, 5, 1),
(2091, 2, 5, 5, 6, 1),
(2092, 2, 5, 5, 7, 1),
(2093, 2, 5, 5, 8, 1),
(2094, 2, 5, 5, 9, 1),
(2095, 2, 5, 5, 10, 1),
(2096, 2, 5, 5, 11, 1),
(2097, 2, 5, 5, 12, 1),
(2098, 2, 5, 5, 13, 5),
(2099, 2, 5, 5, 14, 1),
(2100, 2, 5, 5, 15, 1),
(2101, 2, 5, 6, 1, 5),
(2102, 2, 5, 6, 2, 5),
(2103, 2, 5, 6, 3, 5),
(2104, 2, 5, 6, 4, 5),
(2105, 2, 5, 6, 5, 5),
(2106, 2, 5, 6, 6, 5),
(2107, 2, 5, 6, 7, 5),
(2108, 2, 5, 6, 8, 5),
(2109, 2, 5, 6, 9, 5),
(2110, 2, 5, 6, 10, 5),
(2111, 2, 5, 6, 11, 5),
(2112, 2, 5, 6, 12, 5),
(2113, 2, 5, 6, 13, 5),
(2114, 2, 5, 6, 14, 5),
(2115, 2, 5, 6, 15, 5),
(2116, 2, 5, 7, 1, 5),
(2117, 2, 5, 7, 2, 5),
(2118, 2, 5, 7, 3, 5),
(2119, 2, 5, 7, 4, 5),
(2120, 2, 5, 7, 5, 5),
(2121, 2, 5, 7, 6, 5),
(2122, 2, 5, 7, 7, 5),
(2123, 2, 5, 7, 8, 5),
(2124, 2, 5, 7, 9, 5),
(2125, 2, 5, 7, 10, 5),
(2126, 2, 5, 7, 11, 5),
(2127, 2, 5, 7, 12, 5),
(2128, 2, 5, 7, 13, 5),
(2129, 2, 5, 7, 14, 5),
(2130, 2, 5, 7, 15, 5),
(2131, 2, 5, 8, 1, 1),
(2132, 2, 5, 8, 2, 1),
(2133, 2, 5, 8, 3, 5),
(2134, 2, 5, 8, 4, 1),
(2135, 2, 5, 8, 5, 1),
(2136, 2, 5, 8, 6, 1),
(2137, 2, 5, 8, 7, 1),
(2138, 2, 5, 8, 8, 1),
(2139, 2, 5, 8, 9, 1),
(2140, 2, 5, 8, 10, 1),
(2141, 2, 5, 8, 11, 1),
(2142, 2, 5, 8, 12, 1),
(2143, 2, 5, 8, 13, 5),
(2144, 2, 5, 8, 14, 1),
(2145, 2, 5, 8, 15, 1),
(2146, 2, 5, 9, 1, 1),
(2147, 2, 5, 9, 2, 1),
(2148, 2, 5, 9, 3, 5),
(2149, 2, 5, 9, 4, 1),
(2150, 2, 5, 9, 5, 1),
(2151, 2, 5, 9, 6, 1),
(2152, 2, 5, 9, 7, 1),
(2153, 2, 5, 9, 8, 1),
(2154, 2, 5, 9, 9, 1),
(2155, 2, 5, 9, 10, 1),
(2156, 2, 5, 9, 11, 1),
(2157, 2, 5, 9, 12, 1),
(2158, 2, 5, 9, 13, 5),
(2159, 2, 5, 9, 14, 1),
(2160, 2, 5, 9, 15, 1),
(2161, 2, 5, 10, 1, 5),
(2162, 2, 5, 10, 2, 5),
(2163, 2, 5, 10, 3, 5),
(2164, 2, 5, 10, 4, 5),
(2165, 2, 5, 10, 5, 5),
(2166, 2, 5, 10, 6, 5),
(2167, 2, 5, 10, 7, 5),
(2168, 2, 5, 10, 8, 5),
(2169, 2, 5, 10, 9, 5),
(2170, 2, 5, 10, 10, 5),
(2171, 2, 5, 10, 11, 5),
(2172, 2, 5, 10, 12, 5),
(2173, 2, 5, 10, 13, 5),
(2174, 2, 5, 10, 14, 5),
(2175, 2, 5, 10, 15, 5),
(2176, 2, 5, 11, 1, 5),
(2177, 2, 5, 11, 2, 5),
(2178, 2, 5, 11, 3, 5),
(2179, 2, 5, 11, 4, 5),
(2180, 2, 5, 11, 5, 5),
(2181, 2, 5, 11, 6, 5),
(2182, 2, 5, 11, 7, 5),
(2183, 2, 5, 11, 8, 5),
(2184, 2, 5, 11, 9, 5),
(2185, 2, 5, 11, 10, 5),
(2186, 2, 5, 11, 11, 5),
(2187, 2, 5, 11, 12, 5),
(2188, 2, 5, 11, 13, 5),
(2189, 2, 5, 11, 14, 5),
(2190, 2, 5, 11, 15, 5),
(2191, 2, 5, 12, 1, 1),
(2192, 2, 5, 12, 2, 1),
(2193, 2, 5, 12, 3, 5),
(2194, 2, 5, 12, 4, 1),
(2195, 2, 5, 12, 5, 1),
(2196, 2, 5, 12, 6, 1),
(2197, 2, 5, 12, 7, 1),
(2198, 2, 5, 12, 8, 1),
(2199, 2, 5, 12, 9, 1),
(2200, 2, 5, 12, 10, 1),
(2201, 2, 5, 12, 11, 1),
(2202, 2, 5, 12, 12, 1),
(2203, 2, 5, 12, 13, 5),
(2204, 2, 5, 12, 14, 1),
(2205, 2, 5, 12, 15, 1),
(2206, 2, 5, 13, 1, 1),
(2207, 2, 5, 13, 2, 1),
(2208, 2, 5, 13, 3, 5),
(2209, 2, 5, 13, 4, 1),
(2210, 2, 5, 13, 5, 1),
(2211, 2, 5, 13, 6, 1),
(2212, 2, 5, 13, 7, 1),
(2213, 2, 5, 13, 8, 1),
(2214, 2, 5, 13, 9, 1),
(2215, 2, 5, 13, 10, 1),
(2216, 2, 5, 13, 11, 1),
(2217, 2, 5, 13, 12, 1),
(2218, 2, 5, 13, 13, 5),
(2219, 2, 5, 13, 14, 1),
(2220, 2, 5, 13, 15, 1),
(2221, 2, 5, 14, 1, 5),
(2222, 2, 5, 14, 2, 5),
(2223, 2, 5, 14, 3, 5),
(2224, 2, 5, 14, 4, 5),
(2225, 2, 5, 14, 5, 5),
(2226, 2, 5, 14, 6, 5),
(2227, 2, 5, 14, 7, 5),
(2228, 2, 5, 14, 8, 5),
(2229, 2, 5, 14, 9, 5),
(2230, 2, 5, 14, 10, 5),
(2231, 2, 5, 14, 11, 5),
(2232, 2, 5, 14, 12, 5),
(2233, 2, 5, 14, 13, 5),
(2234, 2, 5, 14, 14, 5),
(2235, 2, 5, 14, 15, 5),
(2236, 2, 5, 15, 1, 5),
(2237, 2, 5, 15, 2, 5),
(2238, 2, 5, 15, 3, 5),
(2239, 2, 5, 15, 4, 5),
(2240, 2, 5, 15, 5, 5),
(2241, 2, 5, 15, 6, 5),
(2242, 2, 5, 15, 7, 5),
(2243, 2, 5, 15, 8, 5),
(2244, 2, 5, 15, 9, 5),
(2245, 2, 5, 15, 10, 5),
(2246, 2, 5, 15, 11, 5),
(2247, 2, 5, 15, 12, 5),
(2248, 2, 5, 15, 13, 5),
(2249, 2, 5, 15, 14, 5),
(2250, 2, 5, 15, 15, 5);

-- --------------------------------------------------------

--
-- Table structure for table `spacetype`
--

CREATE TABLE `spacetype` (
  `SpaceTypeID` int(11) NOT NULL,
  `SpaceType` varchar(255) NOT NULL
) ENGINE=InnoDB DEFAULT CHARSET=latin1;

--
-- Dumping data for table `spacetype`
--

INSERT INTO `spacetype` (`SpaceTypeID`, `SpaceType`) VALUES
(1, 'Available'),
(2, 'Unavailable'),
(3, 'Disabled'),
(4, 'Family'),
(5, 'Road');

-- --------------------------------------------------------

--
-- Table structure for table `user`
--

CREATE TABLE `user` (
  `UserID` int(20) NOT NULL,
  `Username` varchar(20) NOT NULL,
  `EmailAddress` varchar(255) NOT NULL,
  `Password` varchar(255) NOT NULL,
  `CreationDate` datetime NOT NULL DEFAULT CURRENT_TIMESTAMP,
  `UserTypeID` int(11) DEFAULT '2',
  `FirstName` varchar(255) NOT NULL DEFAULT '',
  `LastName` varchar(255) NOT NULL DEFAULT '',
  `Address` varchar(255) NOT NULL DEFAULT '',
  `ContactNumber` varchar(11) NOT NULL DEFAULT ''
) ENGINE=InnoDB DEFAULT CHARSET=latin1;

--
-- Dumping data for table `user`
--

INSERT INTO `user` (`UserID`, `Username`, `EmailAddress`, `Password`, `CreationDate`, `UserTypeID`, `FirstName`, `LastName`, `Address`, `ContactNumber`) VALUES
(1, 'Pearce93', 'pearce93@hotmail.co.uk', 'password', '2018-01-09 22:37:06', 1, '', '', '', '0'),
(2, 'emma558', 'emmatwin02@hotmail.com', '$2y$10$caoLD7MtoP1//xnSli74HOvo0hg/YO4wX1jJCIPmClhyoGlJg1Soi', '2018-01-09 22:42:12', 2, '', '', '', '0'),
(3, 'Pearcef93', 'pearce93@hotmail.co.uk', '$2y$10$AAgajmBws400v1Utnz5vM.WxnG.Jo3xfHaRyFBhvpQnXZDscOyw3W', '2018-01-09 22:46:34', 1, 'Pearce', 'Feeley', '35 Woodside Drive, Poleglass', '07926233676'),
(4, 'Emma47', 'emz@hotmail.co.uk', '$2y$10$jj/9F3yGoJ4W9wzKOQOdjOMMmQBfoKNjPzhXgsyBQtbi2K.4pr8Ga', '2018-01-09 22:51:53', 2, '', '', '', '0'),
(5, 'Barry123', 'barry123@live.com', '$2y$10$sfqQJD0AU4kttLYhoAAS3.j1gu1DhPY0EtO1SkWAG3yd2yaMKRqlm', '2018-01-10 00:30:17', 2, '', '', '', '0'),
(6, 'MagsSW', 'magssw@hotmail.com', '$2y$10$IhQIdV0VXR8Op18.nWOyteEWQBUL4vXzF1HnqKmiHnuGxxqlTEVma', '2018-01-10 00:32:16', 2, '', '', '', '0'),
(7, 'CiaranC', 'cc@live.com', '$2y$10$sS8K.DR4h6l4TqZRKVqtteGO877zL2wyukuo83ZlyjaVg4W6a6rVi', '2018-01-10 19:40:15', 2, '', '', '', '0'),
(8, 'LauraF', 'laurafeeley@hotmail.com', '$2y$10$puStJw0sDohJVemzt3IkEOJ8PGIhjd1GuLF9vMvr.OXW46KY4EIYe', '2018-01-10 19:51:21', 2, '', '', '', '0'),
(9, 'PaddyMc', 'paddy@sharman-d-neill.com', '$2y$10$BUFlHiFvY8xMKQ2iLnAAOuRnirjJg7Go/WIFStoiJcnDpDrCdYiGm', '2018-01-10 19:54:29', 2, '', '', '', '0'),
(17, 'Daniel', 'daniel@hotmail.co.uk', '$2y$10$xDelWyDBphM4KLGvaxrch.1wzmNJKsRhSuSED4BOCqmLz0w4nNVdW', '2018-01-26 23:04:23', 2, 'Daniel', 'Guldenring', 'Jordanstown', '02890300100'),
(18, 'Ryan', 'ryanc@gmail.com', '$2y$10$2VgLpibtWCLg.yh/9rRJK.1U1qpKur0mkjAGgzMMPuketKPR5fhOu', '2018-01-26 23:09:11', 2, 'Ryan', 'Crawford', '28 colin park', '07855711243'),
(19, 'gbf', 'gbf@live.com', '$2y$10$c57xadtGtLCHHZ/8KyfAZuxcXjglE0LVO23V0c2ayPso.6AxQwCM6', '2018-01-26 23:15:18', 2, '', '', '', ''),
(20, 'bruce', 'bruce123@hotmail.com', '$2y$10$qB/Xx0/yVLroWdL5qvdh/uQ/.8sfY7rQ8uh97gz/lsL8EnL3GeHLu', '2018-01-26 23:19:23', 2, '', '', '', ''),
(21, 'TEST', 'test1234@live.com', '$2y$10$J6cJdeeFnlmpU3E4cuB8PekT7TjPve.PJmSMigW6sq3AUSY0Yndyy', '2018-01-26 23:40:12', 2, '', '', '', ''),
(22, 'yaya', 'yaya@hotmail.com', '$2y$10$OmmiJVuGvstWEoU/QcJw7OL1cFpvJj6rYALeZW1RiCxNr7pXuXZla', '2018-02-16 11:10:15', 2, '', '', '', ''),
(23, 'test1', 'test1@hotmail.co.uk', '$2y$10$SUlWhFYQfgzLRaTWG6QJpuELZoyCj5BKY7E8utG8YF7OVg8Yuzu32', '2018-02-22 01:05:06', 2, '', '', '', ''),
(24, 'test2', 'test2@hotmail.co.uk', '$2y$10$0J2JcmHK/rSznT6wrKAh4O1SCG4.6fKbZTza7oY4S9.gco/T87EiW', '2018-02-22 01:07:53', 2, '', '', '', ''),
(25, 'test3', 'test3@hotmail.co.uk', '$2y$10$H/JOFkZdM2WU6/6xSI727.XUHLE0iwkr1j3P0LGzymhxOLb8zJMPm', '2018-02-22 02:14:57', 2, '', '', '', ''),
(26, 'test4', 'test4@hotmail.co.uk', '$2y$10$bKEf9TFebbkd02.i2BkHLuvXIiopORzdKFEghFPDqaa7V.7.fsXKC', '2018-02-22 02:15:23', 2, '', '', '', ''),
(27, 'test5', 'test5@hotmail.co.uk', '$2y$10$1g.eZVq/mY3fq3KRKRuK0OXUtZzkCWYAyKVwqsTB/FrC7WPuViAI6', '2018-02-22 02:19:25', 2, '', '', '', ''),
(28, 'test6', 'test6@hotmail.co.uk', '$2y$10$3hjFdsh0IwVz3g.hE1IR6O7AbPpVz8kr49BqTxnEfHkPg9Da5dgP6', '2018-02-22 02:21:12', 2, '', '', '', ''),
(29, 'test7', 'test7@hotmail.co.uk', '$2y$10$wrbYB83CYxi1G9zkrgh9Deew0xbbPP.0VWlJ8o/e2k1vt213XrOxi', '2018-02-22 02:25:21', 2, '', '', '', ''),
(30, 'test8', 'test8@hotmail.co.uk', '$2y$10$2fNt3TBMj0cee7N52mLhkunqkwtACTLKYyG1/Ea.NZSkJOXY1Isb2', '2018-02-22 03:18:09', 2, '', '', '', ''),
(31, 'pearce123', 'p123@test.com', '$2y$10$Sw4zIlXjkRHXp9gxlqJqNO9PiRnOqKycGr9PLEJmuqzLYLYTcIxji', '2018-02-22 03:24:27', 2, '', '', '', ''),
(32, 'test9', 'test9@hotmail.com', '$2y$10$L3RCFjhIaiZ5uIoawe91fOZIUeWthlANrqIcg1/JU8ceLyF3PQnhS', '2018-02-22 18:47:42', 2, '', '', '', ''),
(33, 'test10', 'test10@hotmail.co.uk', '$2y$10$Ae6NEuw5GOMm5O57oL9fqeSyxCTceSibrX2rPKn3pIaFRhDSviJ/6', '2018-02-23 00:19:40', 2, '', '', '', ''),
(34, 'test11', 'test11@test.com', '$2y$10$x2XJjECSpCTVHQb0.a7vjOLzpVdyyCcbO38oF.7Um8o7egtrZHCI2', '2018-02-23 00:30:09', 2, '', '', '', '');

-- --------------------------------------------------------

--
-- Table structure for table `usertype`
--

CREATE TABLE `usertype` (
  `UserTypeID` int(11) NOT NULL,
  `Role` varchar(20) NOT NULL
) ENGINE=InnoDB DEFAULT CHARSET=latin1;

--
-- Dumping data for table `usertype`
--

INSERT INTO `usertype` (`UserTypeID`, `Role`) VALUES
(1, 'Admin'),
(2, 'Standard');

--
-- Indexes for dumped tables
--

--
-- Indexes for table `car`
--
ALTER TABLE `car`
  ADD PRIMARY KEY (`CarID`),
  ADD KEY `ForeignKeyUserCar` (`UserID`);

--
-- Indexes for table `carpark`
--
ALTER TABLE `carpark`
  ADD PRIMARY KEY (`CarParkID`);

--
-- Indexes for table `parkingrates`
--
ALTER TABLE `parkingrates`
  ADD PRIMARY KEY (`ParkingRateID`),
  ADD KEY `ForeignKeyCarParkParkingRate` (`CarParkID`),
  ADD KEY `ForeignKeyRateTypeParkingRate` (`RateTypeID`);

--
-- Indexes for table `ratetype`
--
ALTER TABLE `ratetype`
  ADD PRIMARY KEY (`RateTypeID`);

--
-- Indexes for table `reservation`
--
ALTER TABLE `reservation`
  ADD PRIMARY KEY (`ReservationID`),
  ADD KEY `ForeignKeyCarReservation` (`CarID`),
  ADD KEY `ForeignKeySpaceReservation` (`SpaceID`),
  ADD KEY `ForeignKeyParkingRateReservation` (`ParkingRateID`);

--
-- Indexes for table `space`
--
ALTER TABLE `space`
  ADD PRIMARY KEY (`SpaceID`),
  ADD KEY `CarParkID` (`CarParkID`),
  ADD KEY `space_ibfk_2` (`SpaceTypeID`);

--
-- Indexes for table `spacetype`
--
ALTER TABLE `spacetype`
  ADD PRIMARY KEY (`SpaceTypeID`);

--
-- Indexes for table `user`
--
ALTER TABLE `user`
  ADD PRIMARY KEY (`UserID`),
  ADD KEY `userUserTypeID` (`UserTypeID`);

--
-- Indexes for table `usertype`
--
ALTER TABLE `usertype`
  ADD PRIMARY KEY (`UserTypeID`);

--
-- AUTO_INCREMENT for dumped tables
--

--
-- AUTO_INCREMENT for table `car`
--
ALTER TABLE `car`
  MODIFY `CarID` int(11) NOT NULL AUTO_INCREMENT, AUTO_INCREMENT=7;

--
-- AUTO_INCREMENT for table `carpark`
--
ALTER TABLE `carpark`
  MODIFY `CarParkID` int(11) NOT NULL AUTO_INCREMENT, AUTO_INCREMENT=4;

--
-- AUTO_INCREMENT for table `parkingrates`
--
ALTER TABLE `parkingrates`
  MODIFY `ParkingRateID` int(11) NOT NULL AUTO_INCREMENT, AUTO_INCREMENT=3;

--
-- AUTO_INCREMENT for table `ratetype`
--
ALTER TABLE `ratetype`
  MODIFY `RateTypeID` int(11) NOT NULL AUTO_INCREMENT, AUTO_INCREMENT=5;

--
-- AUTO_INCREMENT for table `reservation`
--
ALTER TABLE `reservation`
  MODIFY `ReservationID` int(11) NOT NULL AUTO_INCREMENT, AUTO_INCREMENT=16;

--
-- AUTO_INCREMENT for table `space`
--
ALTER TABLE `space`
  MODIFY `SpaceID` int(11) NOT NULL AUTO_INCREMENT, AUTO_INCREMENT=2251;

--
-- AUTO_INCREMENT for table `spacetype`
--
ALTER TABLE `spacetype`
  MODIFY `SpaceTypeID` int(11) NOT NULL AUTO_INCREMENT, AUTO_INCREMENT=6;

--
-- AUTO_INCREMENT for table `user`
--
ALTER TABLE `user`
  MODIFY `UserID` int(20) NOT NULL AUTO_INCREMENT, AUTO_INCREMENT=35;

--
-- AUTO_INCREMENT for table `usertype`
--
ALTER TABLE `usertype`
  MODIFY `UserTypeID` int(11) NOT NULL AUTO_INCREMENT, AUTO_INCREMENT=3;

--
-- Constraints for dumped tables
--

--
-- Constraints for table `car`
--
ALTER TABLE `car`
  ADD CONSTRAINT `ForeignKeyUserCar` FOREIGN KEY (`UserID`) REFERENCES `user` (`UserID`);

--
-- Constraints for table `parkingrates`
--
ALTER TABLE `parkingrates`
  ADD CONSTRAINT `ForeignKeyCarParkParkingRate` FOREIGN KEY (`CarParkID`) REFERENCES `carpark` (`CarParkID`),
  ADD CONSTRAINT `ForeignKeyRateTypeParkingRate` FOREIGN KEY (`RateTypeID`) REFERENCES `ratetype` (`RateTypeID`);

--
-- Constraints for table `reservation`
--
ALTER TABLE `reservation`
  ADD CONSTRAINT `ForeignKeyCarReservation` FOREIGN KEY (`CarID`) REFERENCES `car` (`CarID`),
  ADD CONSTRAINT `ForeignKeyParkingRateReservation` FOREIGN KEY (`ParkingRateID`) REFERENCES `parkingrates` (`ParkingRateID`),
  ADD CONSTRAINT `ForeignKeySpaceReservation` FOREIGN KEY (`SpaceID`) REFERENCES `space` (`SpaceID`);

--
-- Constraints for table `space`
--
ALTER TABLE `space`
  ADD CONSTRAINT `space_ibfk_1` FOREIGN KEY (`CarParkID`) REFERENCES `carpark` (`CarParkID`),
  ADD CONSTRAINT `space_ibfk_2` FOREIGN KEY (`SpaceTypeID`) REFERENCES `spacetype` (`SpaceTypeID`);

--
-- Constraints for table `user`
--
ALTER TABLE `user`
  ADD CONSTRAINT `userUserTypeID` FOREIGN KEY (`UserTypeID`) REFERENCES `usertype` (`UserTypeID`);
COMMIT;

/*!40101 SET CHARACTER_SET_CLIENT=@OLD_CHARACTER_SET_CLIENT */;
/*!40101 SET CHARACTER_SET_RESULTS=@OLD_CHARACTER_SET_RESULTS */;
/*!40101 SET COLLATION_CONNECTION=@OLD_COLLATION_CONNECTION */;
